organism,domain,A,R,N,D,C,Q,E,G,H,I,L,K,M,F,P,S,T,W,Y,V
a.acidocaldarius,BACTERIA,0.1100050549,0.07682800927,0.0247936274,0.05162741982,0.008933887944,0.03541747881,0.06488688597,0.07755304429,0.02395400044,0.04943625047,0.100094458,0.03086807147,0.0260519969,0.03580944752,0.05030050935,0.05298538792,0.04898537935,0.01626134674,0.02850876254,0.08669898088
a.actinomycetemcomitans,BACTERIA,0.08577697365,0.04632451063,0.04668473233,0.05023127871,0.01025485685,0.0485447862,0.0603977175,0.06664265189,0.0214823123,0.0685174421,0.1074443089,0.06073665338,0.02442303127,0.04498677823,0.0387041843,0.05592278157,0.05166725339,0.01180544753,0.03220545736,0.06724684192
a.aeolicus,BACTERIA,0.05873760063,0.04927307374,0.03614025209,0.0431646897,0.007920089116,0.02046737095,0.096446773,0.06731055645,0.01545661905,0.0732312413,0.1057970482,0.09441064499,0.01930241193,0.05149690092,0.04061238896,0.04811015493,0.04213642466,0.009374757725,0.041444794,0.07916620762
a.aphrophilus,BACTERIA,0.08371694436,0.04479717278,0.04761377511,0.05056385133,0.01040641281,0.04836911596,0.06164976756,0.06632590379,0.02194432016,0.06806258105,0.1060434852,0.0613084991,0.02434381659,0.04530680034,0.03884545089,0.05685987517,0.05231721282,0.01206876939,0.03279059009,0.0666656555
a.asiaticus,BACTERIA,0.0716331724,0.03991082956,0.05068974249,0.04565003508,0.009444262247,0.04999232005,0.0663630665,0.05810193161,0.02421259761,0.08269437537,0.106163886,0.07987562633,0.01950292046,0.03906811077,0.03533191912,0.05981850411,0.05497806025,0.009682963381,0.04117490774,0.05571076895
a.aurescens,BACTERIA,0.1247302339,0.06258046953,0.02634994825,0.0555063843,0.006622338012,0.03189848247,0.05637108239,0.08911256331,0.02133469932,0.04527006856,0.1008172219,0.02989685434,0.02075012395,0.03285260942,0.05439378417,0.06210504997,0.06035789953,0.01490305518,0.02087966427,0.08326746723
a.avenae,BACTERIA,0.138492479,0.07735946299,0.02245202443,0.05191089504,0.009513836647,0.04097061296,0.05243825142,0.08754178842,0.02365417015,0.03882401418,0.1032030757,0.02674711214,0.02355966184,0.03245100374,0.05796698762,0.0520343859,0.05015430057,0.01532231744,0.02118246279,0.07422115701
a.bacterium,BACTERIA,0.1049440648,0.0597302631,0.03540594522,0.0525658234,0.009033113277,0.03734786508,0.05713269964,0.07894639682,0.0224234874,0.05206322286,0.09353610446,0.04474097612,0.02340903704,0.04051710688,0.0501558419,0.06249099309,0.05871196106,0.01358331557,0.02806881102,0.07519297121
a.baumannii,BACTERIA,0.08648184251,0.04316191421,0.04453171845,0.05121226106,0.009335388563,0.05215406687,0.05946352648,0.06821080963,0.02373664598,0.0680601207,0.1037723509,0.05561258713,0.02446183646,0.04265124617,0.04107424465,0.0597209534,0.05347364147,0.01296971257,0.03273298445,0.06718214838
a.baumannii_ab0057,BACTERIA,0.08625977118,0.04295068936,0.04477562723,0.05114078142,0.009606306319,0.05160504283,0.05940637019,0.06677727948,0.0233822876,0.06804857476,0.1034009969,0.05691584633,0.02412684143,0.04299147495,0.04063025006,0.060640351,0.05433941241,0.01291167405,0.03271177263,0.06737864988
a.baumannii_ab307-0294,BACTERIA,0.0867409781,0.04215783881,0.04453387101,0.05081418145,0.009406521818,0.05216487581,0.05914702675,0.06708572587,0.02347586738,0.06852101292,0.1040648185,0.05606822447,0.02389232372,0.04314692264,0.04081829954,0.06030994392,0.05455020391,0.01267403088,0.03259700505,0.0678303275
a.baumannii_acicu,BACTERIA,0.08620985107,0.04238096392,0.04521795875,0.05075174305,0.009476843614,0.05188636789,0.0592809023,0.06645387763,0.02328274401,0.06842367636,0.1037009022,0.05744092335,0.02396213417,0.04299457873,0.0403713538,0.06112693951,0.05434255804,0.01274051277,0.03271112157,0.06724404733
a.baumannii_aye,BACTERIA,0.08586586538,0.0433022991,0.04454584701,0.05084270581,0.009757465157,0.05152811915,0.05919666461,0.06634921509,0.02335737297,0.06838137533,0.1043505257,0.05683770754,0.02454072146,0.04318706022,0.04045916674,0.06053739158,0.05423193287,0.01289471466,0.03247586433,0.06735798528
a.baumannii_sdf,BACTERIA,0.08334367201,0.04651527911,0.04318530905,0.05300504271,0.01053557293,0.05190603182,0.05783915355,0.06484603417,0.02446259905,0.06755678131,0.1036254184,0.06087378502,0.02409699402,0.04159443314,0.03940958632,0.06167635941,0.05406233291,0.01313652877,0.03262887577,0.06570021047
a.borkumensis,BACTERIA,0.100488719,0.06169252493,0.03348340951,0.05819539082,0.009974530306,0.04540445786,0.06047512636,0.07780353584,0.02343629717,0.04946465255,0.1108778466,0.03836070189,0.02647264537,0.03640758548,0.0470452516,0.05743437925,0.05068864949,0.01451200683,0.02556317056,0.07221911855
a.butzleri,BACTERIA,0.05791261306,0.02740085091,0.06713636138,0.05648614644,0.008456712119,0.02822306958,0.07150819184,0.05323451994,0.01429363691,0.09722735726,0.09728253972,0.09523527042,0.02210333468,0.05438369469,0.02653586584,0.06638312079,0.05175562999,0.006875734617,0.03963204335,0.05793330648
a.capsulatum,BACTERIA,0.112923482,0.06550225697,0.03219983642,0.04752145996,0.009048096758,0.0424650715,0.05589570851,0.0789918557,0.02593304813,0.04853223227,0.1017637134,0.03394594558,0.02369755671,0.03772707632,0.05435259613,0.06096052008,0.05617788245,0.01407500436,0.02813990099,0.07014675572
a.caulinodans,BACTERIA,0.1356467015,0.07238196121,0.02350463432,0.05278791183,0.008132720617,0.02979110523,0.05339668198,0.08885676455,0.01954170886,0.04663353844,0.1044212166,0.02931505569,0.02359560713,0.0362296129,0.05663743282,0.05284586027,0.05492078822,0.01246202975,0.02098045019,0.07791821793
a.cellulolyticus,BACTERIA,0.1373100053,0.0849891001,0.01908681968,0.05777428226,0.008508912435,0.02763820817,0.05133710502,0.08767468277,0.02178336391,0.04196633978,0.1004997102,0.01710825776,0.016232703,0.02928518285,0.06177525236,0.05083150298,0.05913899672,0.01387870758,0.02127365128,0.09190721586
a.chlorophenolicus,BACTERIA,0.1334628679,0.06392549344,0.02557006164,0.05674861094,0.006061835884,0.03178052516,0.0549630433,0.09238395337,0.0205160433,0.04222857302,0.1008224741,0.02811437677,0.01973150655,0.03181649441,0.05591588897,0.05895698689,0.05981346213,0.0144080582,0.02107933526,0.08170040876
a.cryptum,BACTERIA,0.1470625598,0.08188839675,0.02279660227,0.05250129151,0.008668772601,0.02729359158,0.05076347191,0.09034205913,0.0227034443,0.05117252009,0.1042259843,0.02339027261,0.02337926304,0.03494778919,0.05711769239,0.04732848347,0.05141557771,0.0129760584,0.01974186773,0.07028430119
a.degensii,BACTERIA,0.09698969428,0.07985978086,0.02237536076,0.03957072255,0.01277360611,0.02841895896,0.08148960488,0.08187271729,0.01755452967,0.04567817281,0.1191463617,0.04798802135,0.01713629862,0.03833039614,0.05344896943,0.04489758128,0.04376101448,0.0141815442,0.02875258601,0.08577407861
a.dehalogenans,BACTERIA,0.1596441395,0.09385965317,0.01526500677,0.05126898568,0.008837184467,0.02476138745,0.06159661279,0.09347336419,0.01962756732,0.02933818678,0.1085327017,0.02339619209,0.01636059088,0.02961636758,0.06364737221,0.04210088471,0.04387610012,0.0128378463,0.01824061848,0.08371923778
a.dehalogenans_2cp-1,BACTERIA,0.1588073583,0.09316900615,0.01532734054,0.05156830663,0.008896455329,0.02489682629,0.06161673037,0.09273776323,0.01959406196,0.0297915328,0.1085665644,0.02350770739,0.01645214926,0.02968488133,0.06339800873,0.04231546314,0.04450148716,0.01291807709,0.01827913539,0.08397114448
a.ehrlichei,BACTERIA,0.1153152239,0.08683599022,0.02257049792,0.0595054237,0.009284721306,0.03792123715,0.0675410202,0.08781925743,0.02547057809,0.04013637886,0.1132259079,0.0211143695,0.02199819379,0.03147977148,0.05503556606,0.0441556992,0.04731554861,0.01529087053,0.02332849648,0.07465524764
a.fermentans,BACTERIA,0.0902606257,0.05325079517,0.0353072207,0.05395860502,0.01315247503,0.03695035071,0.06527612763,0.08153791021,0.02028113137,0.05816828923,0.1014220138,0.05959431789,0.02870347377,0.03866634349,0.04252807076,0.05043591273,0.05443890456,0.01034354057,0.0326767257,0.07304716601
a.ferrooxidans,BACTERIA,0.1131201909,0.07063763634,0.02765638883,0.05049442014,0.009520821603,0.04266283321,0.05417959737,0.08177511288,0.02706053266,0.05210053931,0.1110879584,0.03032076728,0.02511492766,0.03531589157,0.05319391782,0.05300310337,0.04968901927,0.01598510008,0.02637102524,0.07071021607
a.ferrooxidans_atcc23270,BACTERIA,0.1121730444,0.07048498243,0.02798792347,0.05057579234,0.01018324904,0.04213413394,0.05352413676,0.08266600449,0.02714521832,0.05236120365,0.1095213322,0.03051379171,0.02554744936,0.03556328098,0.05350503544,0.05394436573,0.04960274879,0.01603162279,0.02625082726,0.0702838568
a.ferrooxidans_dsm10331,BACTERIA,0.1378647098,0.08721577171,0.01580206803,0.05437526508,0.006152117402,0.02555531037,0.06121599394,0.0890296369,0.02208095254,0.04100837758,0.1086081128,0.01287859936,0.01565495558,0.02719545767,0.05475087133,0.0550857869,0.0539683583,0.01431216323,0.01812926176,0.09911622979
a.flavithermus,BACTERIA,0.07451207836,0.050321806,0.03600440499,0.04772986271,0.008781211467,0.0434818558,0.07417056017,0.06475064978,0.02603447057,0.07360735474,0.09425182952,0.06601007299,0.0299793052,0.04514630759,0.03639265724,0.04984607715,0.05493529728,0.01090221915,0.03650050509,0.07664147421
a.fulgidus,ARCHAEA,0.07846352592,0.05784179753,0.03214976441,0.04901095455,0.01175802923,0.01784986223,0.08919255957,0.0724239641,0.01511533263,0.07226715055,0.09491252044,0.06870972319,0.02617292801,0.04584033394,0.03863288455,0.05504155559,0.0416033812,0.01042436733,0.03647483143,0.08611453363
a.gossypii,EUKARYA,0.0785571279,0.0584912782,0.0410282366,0.05635833158,0.0137045815,0.04259976783,0.06557979526,0.05950009846,0.02396293622,0.05046131071,0.1003046326,0.05657210128,0.02189865502,0.03943122575,0.04862807353,0.0795214668,0.05449961478,0.01126587942,0.03270590125,0.06492898527
a.hydrophila,BACTERIA,0.1057082881,0.05901610123,0.03039604197,0.05113612897,0.01133774032,0.04876597823,0.05831614231,0.07970401737,0.0234138431,0.05024125396,0.120842907,0.03800284186,0.02591297177,0.03620294751,0.04745735939,0.05624887235,0.04820006942,0.01471870129,0.02610643868,0.06827135509
a.laidlawii,BACTERIA,0.0574999446,0.0333591863,0.05534380748,0.06011035522,0.003512309704,0.03105901123,0.06354510603,0.06005938795,0.02089436479,0.08963370045,0.1000620471,0.07819930419,0.02549693088,0.04843220245,0.03045183593,0.06138896891,0.05921953598,0.007370310457,0.04590599863,0.06845569171
a.macleodii,BACTERIA,0.09031664798,0.04498580691,0.04458221191,0.05728279269,0.009582611545,0.04125057473,0.06365009738,0.06785856448,0.02188197141,0.06033033064,0.09922185301,0.05414662211,0.02514476003,0.04244553248,0.03889389646,0.06824791496,0.05631653877,0.0119163403,0.0302696252,0.07167530703
a.marginale,BACTERIA,0.09074399514,0.0566907927,0.03373047889,0.05158002517,0.01912283739,0.02988420092,0.05900853457,0.07783211921,0.02331530971,0.05809317322,0.09317909103,0.05138639104,0.02669217161,0.03864467844,0.03793468662,0.07939292766,0.04752837767,0.008487629419,0.02947346186,0.08727911773
a.marginale_florida,BACTERIA,0.09089023528,0.05665266393,0.03367960411,0.05156376894,0.01914908534,0.02986439351,0.05909778741,0.07802485437,0.02325934668,0.05810162599,0.09306659967,0.05124826913,0.02677074265,0.0387684991,0.03798559218,0.07928977489,0.04730452158,0.008565235427,0.02941743545,0.08729996436
a.marina,BACTERIA,0.08290483211,0.05210934948,0.03741053327,0.05259460011,0.01117588801,0.06048737657,0.05791204822,0.06729557683,0.02241961605,0.06032274568,0.1102244857,0.04321884933,0.02013941341,0.03888616184,0.05055248571,0.06610945664,0.05786235648,0.01539277214,0.02857750269,0.06440394976
a.metalliredigens,BACTERIA,0.06314799511,0.04042378301,0.04832942454,0.05210158488,0.009218465188,0.03491198415,0.07822044693,0.06956640761,0.01891820093,0.09021173697,0.09422600436,0.0737720058,0.03007793787,0.04120455985,0.03198167934,0.05809759784,0.05217149421,0.00785633706,0.03684442525,0.06871792909
a.mirum,BACTERIA,0.1417667932,0.08266197613,0.0167698789,0.05969643427,0.007302330194,0.02535418582,0.05792995068,0.09838460055,0.02197979213,0.02448726161,0.1071605345,0.01743848164,0.01412726631,0.02623951961,0.06216290058,0.05033808789,0.0574709662,0.01504439849,0.0169267788,0.09675786246
a.muciniphila,BACTERIA,0.09434982182,0.06244012719,0.03636507408,0.05106769662,0.01408428795,0.03206265791,0.06382198186,0.07984423672,0.02074596819,0.05348270154,0.09908131294,0.04762213405,0.02846542836,0.039747118,0.0509704742,0.06292623929,0.052071032,0.01448743692,0.02960487512,0.06675939525
a.oremlandii,BACTERIA,0.06350751686,0.03869138654,0.05206559503,0.05265338453,0.009406914687,0.02927876516,0.07818399295,0.06902246611,0.01775809095,0.0951808109,0.09286389306,0.07792719171,0.02865787684,0.04130733516,0.03118936637,0.0595676152,0.05076675143,0.00697243895,0.03746672997,0.06753187759
a.parvulum,BACTERIA,0.09535827675,0.04719462748,0.03842552469,0.05901233815,0.01276931184,0.03556201086,0.065536359,0.07259824139,0.01970707233,0.06177568343,0.09401471171,0.05100103217,0.02442370423,0.03956439749,0.03919856454,0.06721527091,0.05945656387,0.009788208856,0.02951052423,0.07788757605
a.pasteurianus,BACTERIA,0.1131346763,0.06630606348,0.03038498557,0.05274380607,0.01158747727,0.03924964453,0.05303041853,0.07998113643,0.02491597275,0.05075479695,0.1016193604,0.03617211789,0.02612950208,0.03642620695,0.05315339763,0.05783981616,0.05725541133,0.01470057638,0.02376139208,0.07085324121
a.pernix,ARCHAEA,0.09765911571,0.07766435877,0.01938713093,0.04389539078,0.006720465616,0.01685501718,0.07650194379,0.08866665718,0.01501181721,0.05690143249,0.1106041916,0.04142830724,0.0221143353,0.02934488161,0.05103855275,0.06266067034,0.04205219081,0.01318690698,0.03561420016,0.09269243353
a.phagocytophilum,BACTERIA,0.07802722047,0.05160735115,0.03893564898,0.05311260304,0.01890860242,0.02783216741,0.06218009649,0.07018311899,0.0224408469,0.06805417707,0.09597629978,0.05752341086,0.02716949676,0.04107658494,0.03322048942,0.08343353353,0.04661183392,0.00751426541,0.03335842086,0.08283383159
a.phosphatis,BACTERIA,0.1247326352,0.07593518499,0.02533616447,0.0547568399,0.01032351066,0.03677097869,0.05540299189,0.08150143406,0.02204766604,0.04582164778,0.1136727967,0.02996497415,0.02120364622,0.03606384449,0.05040504518,0.05524729262,0.04941700353,0.01431914329,0.02279307631,0.07428412393
a.pleuropneumoniae,BACTERIA,0.08759152039,0.04448273749,0.0468615017,0.04958490335,0.009766259229,0.0480470545,0.06431087829,0.06769751555,0.02033667249,0.06763011978,0.1046120148,0.06240235272,0.02393315565,0.04465888552,0.03720705817,0.05761112643,0.05240786692,0.0114450265,0.03145391049,0.06795944
a.pleuropneumoniae_ap76,BACTERIA,0.08678864342,0.04458423788,0.04741257148,0.04962293755,0.009967830627,0.0478771428,0.06418242752,0.06715685272,0.02038124067,0.06779089031,0.1042422082,0.06295379707,0.02388890025,0.044721564,0.03694072479,0.05813861756,0.05249363771,0.01171216446,0.03182021382,0.06732339716
a.pleuropneumoniae_jl03,BACTERIA,0.08705918828,0.04439395387,0.04642958365,0.04876116269,0.00991664879,0.04829609958,0.06452163483,0.06652438136,0.02064441776,0.06835331643,0.1054785061,0.06239518464,0.02416135968,0.04549945743,0.03742427066,0.05766312832,0.05141844249,0.0116015239,0.03185604026,0.06760169928
a.prevotii,BACTERIA,0.06061943298,0.03892332446,0.05527984467,0.07090654193,0.007481533782,0.02175720997,0.07879202422,0.06340294373,0.01248845861,0.09232090484,0.09166915599,0.09049295297,0.02524508473,0.0460433413,0.02717826689,0.06388836085,0.04658307082,0.005802941017,0.04171701879,0.05940758744
a.profundus,ARCHAEA,0.0646787573,0.05709565857,0.0352067966,0.05321535081,0.01304017309,0.01574260486,0.08569047758,0.0663515918,0.01512442881,0.08291077381,0.09746714896,0.08230930522,0.02268664322,0.04488877008,0.03715112734,0.05021427318,0.04142406041,0.009928408531,0.03815148655,0.08672216328
a.pseudotrichonymphae,BACTERIA,0.05631887817,0.04470068472,0.05628043047,0.04870973041,0.01382718811,0.03380600693,0.06615449681,0.06226778468,0.019524437,0.09706294586,0.09340691989,0.08050597163,0.02359989235,0.04813301503,0.03250228065,0.06359248243,0.04942975082,0.009430170253,0.0405728007,0.06017413309
a.radiobacter,BACTERIA,0.1165494296,0.06513457706,0.02932380275,0.05672961112,0.007851552543,0.03200416197,0.05486041948,0.08271113811,0.02058100825,0.05929199095,0.1005066007,0.03721089125,0.02521205494,0.03929329868,0.04861035433,0.05992547872,0.0547689736,0.01291376891,0.02362952006,0.07289136704
a.salmonicida,BACTERIA,0.1015953518,0.05959741068,0.03140103643,0.0518183986,0.01129556175,0.04874023625,0.05808304786,0.07707183445,0.02378705572,0.05148688182,0.118889477,0.04055555232,0.02672635907,0.0361120643,0.04676422178,0.05726298005,0.04931021246,0.01513345004,0.02668273844,0.06768612922
a.salmonicida_lfi1238,BACTERIA,0.07681845808,0.04296596068,0.04656700754,0.05466583414,0.01153049058,0.04151292126,0.06338157978,0.0640084625,0.02287001026,0.07098969421,0.1031076777,0.06072542371,0.02669524034,0.04256409149,0.03738628929,0.06819155543,0.0561620496,0.01258083051,0.03174517508,0.06553124782
a.succinogenes,BACTERIA,0.0895791524,0.04849486483,0.04603647739,0.05173533231,0.0103883839,0.043789104,0.06125162318,0.07012011569,0.02047426514,0.06701245426,0.1036654468,0.05773521426,0.02495868256,0.04407685043,0.03861409515,0.05608251682,0.05348689647,0.01171496872,0.03107661433,0.06970694133
a.thermophilum,BACTERIA,0.05724000317,0.04049277596,0.05032812511,0.05156834919,0.01110558833,0.02875566985,0.07644966947,0.05967843019,0.01371690235,0.09381400721,0.09373596794,0.09151845209,0.02201667879,0.05064748581,0.03228064362,0.05918498188,0.04502505661,0.008866461603,0.04273910632,0.0708356445
a.tumefaciens,BACTERIA,0.1156962969,0.06568427003,0.02984834089,0.05588475832,0.00798525503,0.03126330475,0.05816565841,0.08264459331,0.02011798381,0.05796180259,0.09924892059,0.03893044848,0.02598229641,0.04051318749,0.04782613925,0.05945253587,0.05374276883,0.01251999471,0.02314996332,0.07338148099
a.tumefaciens_c,BACTERIA,0.115089564,0.06641857512,0.02986632903,0.05548896616,0.008323344925,0.03127457622,0.05793711329,0.08256781853,0.02024725457,0.05759482277,0.09866080312,0.0390371095,0.02685618586,0.04051760487,0.048264741,0.05977115095,0.05370289656,0.01251966098,0.02303946882,0.07282201366
a.variabilis,BACTERIA,0.08059586124,0.05045107204,0.04557461754,0.04827067435,0.009577564159,0.05553814788,0.06137017996,0.06616051836,0.0187587867,0.0691040293,0.1095682263,0.0475552881,0.01753604167,0.03909048936,0.04680099397,0.06389348578,0.05842874411,0.01440110395,0.03072321971,0.06660095558
a.vinelandii,BACTERIA,0.1160751239,0.07976786542,0.02529131062,0.05307108306,0.01047608479,0.03875067728,0.06266458642,0.08546286565,0.0232271668,0.04397958051,0.122220554,0.02811922683,0.02057681135,0.03544426094,0.05220743275,0.05324668542,0.04344167586,0.01444835397,0.02437674215,0.06715191237
a.vinosum,BACTERIA,0.1114986249,0.08182021296,0.02396106939,0.05892904501,0.009650910597,0.03702422082,0.06574716903,0.07895018873,0.02315183155,0.04979310395,0.1163613179,0.02563858039,0.02110376046,0.03333678463,0.05350324603,0.05205006921,0.05137161728,0.01402769755,0.02291114914,0.06916940046
a.vitis,BACTERIA,0.1147524967,0.06459810555,0.02927375562,0.05789991118,0.008360181752,0.034555604,0.05503818886,0.08181700944,0.02076116454,0.05689780592,0.1006828273,0.03854839331,0.02598495223,0.03874546471,0.04891669351,0.06066281866,0.05515486853,0.01265946454,0.02321981165,0.071470482
acidovorax_js42,BACTERIA,0.1321802774,0.07223208645,0.02426351576,0.0512924219,0.009795866493,0.04538783871,0.05285566367,0.0814059457,0.02458947148,0.04055980652,0.1076394003,0.03207598656,0.02465227029,0.03286097166,0.05422004254,0.04995495681,0.05119224285,0.01538720325,0.02177249636,0.07568153528
acinetobacter_adp1,BACTERIA,0.08440556283,0.04390091475,0.04341981667,0.05191572305,0.009539079455,0.05604649789,0.05557111582,0.06591520098,0.02559537079,0.0703994162,0.1054338362,0.05296556481,0.02518286491,0.04301207413,0.03966725161,0.06240080329,0.0535181131,0.01276767631,0.03281755808,0.06552555917
anabaena,BACTERIA,0.07995890589,0.05023267713,0.04634355813,0.04807797729,0.00955072605,0.05553085307,0.06109754166,0.06620283517,0.01838372641,0.06941229737,0.1096805664,0.04801503671,0.01781421564,0.0394195863,0.04649126547,0.06424203294,0.05836216418,0.01430070981,0.03070992918,0.06617339522
anaeromyxobacter_fw109-5,BACTERIA,0.1504898143,0.09412964253,0.01562310882,0.05120696659,0.009208851194,0.02400815692,0.06479654915,0.09155113884,0.02015972908,0.03131338927,0.1076013579,0.02384656477,0.01587405191,0.03053584589,0.06133847724,0.04685665256,0.04579394657,0.01263016881,0.01863505967,0.08440052799
anaeromyxobacter_k,BACTERIA,0.1589175146,0.0924883341,0.01531254246,0.05154789403,0.009037340732,0.02473387828,0.06115105316,0.09332984128,0.01960606699,0.02985643835,0.1087776025,0.02329570182,0.01629189403,0.02979276737,0.06362174974,0.04237402172,0.0445644347,0.01292849093,0.01826897641,0.08410345681
arthrobacter_fb24,BACTERIA,0.1316712993,0.0650437143,0.02475105381,0.05555112453,0.006423217165,0.0307814604,0.05523076125,0.09212039278,0.02064880874,0.04329955561,0.1014242208,0.0283867117,0.02028856622,0.03244841287,0.05548598843,0.05948321815,0.05893487852,0.01458184617,0.02087612044,0.0825686488
azoarcus_bh72,BACTERIA,0.1356735179,0.07783408769,0.02413324755,0.05491231833,0.009709884834,0.03325169024,0.05786049941,0.08511650131,0.02271483986,0.04269444789,0.1104619795,0.0274215455,0.02186153782,0.03546621217,0.05337351528,0.04756368726,0.04736729235,0.01386277188,0.02265840454,0.07606201865
azoarcus_ebn1,BACTERIA,0.1227834208,0.08101640934,0.02482148214,0.05462702594,0.011559855,0.03392049612,0.05921508213,0.08108089165,0.02421941366,0.04554273074,0.1047157592,0.03145404795,0.02282603515,0.03621943048,0.05287829385,0.05308645956,0.04907874411,0.01385037862,0.02246437353,0.07463967007
azospirillum_b510,BACTERIA,0.1328756591,0.07962074732,0.02278548442,0.05800546816,0.008644042099,0.02921868891,0.05361933552,0.09057820557,0.0203375464,0.04446555003,0.1068220582,0.02697545808,0.02360161372,0.03282513462,0.05640875211,0.05093609672,0.05444311322,0.01317864369,0.01965413934,0.07500426286
b.abortus,BACTERIA,0.1155813383,0.06628870132,0.0310116855,0.05513088522,0.008526160168,0.03196241199,0.0591419384,0.08311824787,0.02091935814,0.05919706929,0.09807559457,0.04182746508,0.02667772285,0.03974936825,0.04856918476,0.05535815948,0.05140561255,0.01196452721,0.02380304097,0.07169152807
b.abortus_s19,BACTERIA,0.1161412273,0.06583578374,0.03104967133,0.05533323572,0.008282040753,0.03187093976,0.05903554903,0.08353709084,0.02084766792,0.05917095924,0.09808102815,0.04154891666,0.02651287883,0.03959042264,0.04857923864,0.055256173,0.05154615341,0.01207022396,0.02379476656,0.07191603246
b.adolescentis,BACTERIA,0.1066718322,0.05905816861,0.03474254436,0.06532163665,0.01034544681,0.0348838756,0.05788096252,0.07933837027,0.02250492165,0.05380563463,0.08691372476,0.04326232408,0.02731018383,0.03492710633,0.04550200857,0.06057955785,0.05848785549,0.01347801218,0.02716552715,0.07782030647
b.afzelii,BACTERIA,0.04364725083,0.03161731674,0.07500867202,0.05200366215,0.007074090291,0.02402006221,0.06864540269,0.04928832605,0.0123455386,0.1065804962,0.1033789586,0.1065634365,0.01836192729,0.06189544677,0.02435272642,0.07402489579,0.04145507896,0.004842112446,0.04316104929,0.05173355018
b.ambifaria_mc40-6,BACTERIA,0.134832128,0.07282272644,0.02650470741,0.05805880077,0.009318428842,0.03392710372,0.04724045028,0.08334136672,0.02352496664,0.04524207767,0.1006436916,0.02799549155,0.02260253538,0.03610868333,0.0527786928,0.05377696535,0.05512840252,0.0138789582,0.02420753835,0.07806628438
b.amyloliquefaciens,BACTERIA,0.08194111373,0.04421175913,0.03663138045,0.05178603795,0.008211278112,0.03698865775,0.07231989738,0.07190075011,0.0232456813,0.07114001088,0.09626793358,0.06828614949,0.02769334802,0.04446359606,0.03814153061,0.06207649568,0.05436453439,0.009931437614,0.03372000613,0.06667840163
b.animalis_lactis,BACTERIA,0.1065199404,0.06184566165,0.03482817585,0.06465515656,0.01012925883,0.03652711126,0.06077003696,0.07760861971,0.02414731462,0.0538602975,0.08789232721,0.03628624487,0.02840016916,0.03469211392,0.04684943093,0.05823634324,0.05858569143,0.01326052182,0.02709103278,0.07781455127
b.animalis_lactis_bl-04,BACTERIA,0.1065062927,0.06136504254,0.03500724244,0.06490238487,0.009931976961,0.03658921553,0.06091588485,0.07751668107,0.02402181932,0.05409193482,0.08787075803,0.03663611553,0.02832399242,0.03469156936,0.04654644633,0.05802792715,0.0587530733,0.0131807039,0.02709376933,0.07802716953
b.animalis_lactis_dsm10140,BACTERIA,0.1064598623,0.0614426628,0.03497238308,0.06488076076,0.00996523922,0.03658924767,0.06090009079,0.07758237147,0.02406849429,0.05407996065,0.08784964245,0.03660914198,0.02832406741,0.03469928851,0.04656352976,0.05799009625,0.0587135256,0.01319715982,0.02710508896,0.07800738621
b.anthracis_a0248,BACTERIA,0.06721278823,0.0375377348,0.04607353288,0.04660326797,0.008360632348,0.03695785145,0.07576765678,0.06678758753,0.02122825084,0.08061791126,0.09487202307,0.07438328241,0.02868550828,0.04668166876,0.03402947587,0.05787956226,0.05596757174,0.01021399885,0.03732513445,0.07281456023
b.anthracis_a2012,BACTERIA,0.06690863573,0.03741797331,0.04661616838,0.04671797577,0.008298327079,0.0372553548,0.07542150992,0.0664747586,0.02129687581,0.08052349496,0.09466925581,0.07458996903,0.02875819584,0.04652187697,0.03401391687,0.0581415847,0.05625165693,0.01026546447,0.03740430789,0.07245269714
b.anthracis_ames0581,BACTERIA,0.06679071361,0.03749096205,0.04644564379,0.04653062623,0.008427653559,0.03702698535,0.07547468517,0.06636168937,0.02114212285,0.08083817356,0.09496718924,0.07469750707,0.02857808618,0.04698500814,0.03388263514,0.05806288015,0.05596573289,0.01032125418,0.03754647477,0.0724639767
b.anthracis_cdc684,BACTERIA,0.06666043918,0.03732767721,0.04660358181,0.0465715734,0.008338515646,0.03715914317,0.07546993562,0.06640502519,0.02114448985,0.08073303163,0.09490426221,0.07506754426,0.02864621439,0.04682241477,0.03386358411,0.05810831644,0.05616821526,0.01028841531,0.03745309789,0.07226452267
b.anthracis_sterne,BACTERIA,0.0671805006,0.03724063506,0.04618137297,0.04642240382,0.008389516802,0.03685032943,0.07522627455,0.06697165286,0.02117031431,0.08086927226,0.09507571244,0.07395949312,0.02878675207,0.04694075708,0.03407436623,0.05802201324,0.05632589561,0.01031365508,0.03724063506,0.07275844738
b.aphidicola_5a,BACTERIA,0.04437598822,0.0379314105,0.07194264217,0.04319284663,0.01200588845,0.03204296385,0.05532958944,0.05431546808,0.02112752849,0.1158115697,0.0989749741,0.0988332152,0.02153099613,0.05020445995,0.03005288697,0.07264053214,0.04580448176,0.009127092307,0.03618668557,0.04856878033
b.aphidicola_bp,BACTERIA,0.04150083913,0.03669983217,0.07658834812,0.04028410453,0.01472668425,0.0315092304,0.04516902421,0.05252936946,0.02259649964,0.1172021098,0.101618317,0.09571445696,0.02212898585,0.05034164469,0.0292375929,0.07391512827,0.04914888516,0.009026612323,0.03774274754,0.05231958763
b.aphidicola_cc,BACTERIA,0.0333863142,0.03198929229,0.08118621382,0.035678434,0.01278233227,0.02700351347,0.04265517818,0.04793374603,0.01819474653,0.1339467961,0.09635268529,0.1358959344,0.01858792036,0.05815626569,0.02680274385,0.06943282583,0.04091517484,0.008164631086,0.04303162121,0.03790363058
b.aphidicola_sg,BACTERIA,0.04349608333,0.03656119269,0.0729426959,0.04219894994,0.0121290395,0.03021029284,0.05590027234,0.0533958503,0.01948507735,0.1172249207,0.09940758626,0.1063200157,0.02100682258,0.05322177612,0.02957576438,0.07140410478,0.04404638235,0.008945166634,0.03532021226,0.04720779403
b.aphidicola_tuc7,BACTERIA,0.04432382049,0.03808427228,0.07180415056,0.04326013652,0.01203498095,0.0321024207,0.05537736108,0.05423691641,0.02113112372,0.1158099624,0.09907613016,0.09864298051,0.02149847849,0.05026729172,0.03002439894,0.07267044987,0.04568906434,0.009161937659,0.03615977191,0.04864435124
b.avium,BACTERIA,0.125163538,0.07121511948,0.02760194023,0.05300181122,0.008913961684,0.04206252893,0.05152040262,0.08313745212,0.0212818102,0.04698415822,0.1110218257,0.03003086723,0.02440679881,0.03406510909,0.05164066457,0.05578970193,0.04937299791,0.01422279802,0.02442775354,0.07413876043
b.bacilliformis,BACTERIA,0.08248675624,0.0534343463,0.04310511662,0.05220866953,0.01062081173,0.0402538054,0.05991624112,0.06808569932,0.02401810389,0.0778317649,0.098384429,0.05765583512,0.02551213936,0.0445423839,0.0397815973,0.06521116475,0.05322275579,0.01095109937,0.02791188545,0.06486539489
b.bacteriovorus,BACTERIA,0.08479257549,0.04768967582,0.04139337952,0.051308699,0.009597125994,0.03950047045,0.06288683603,0.07215122744,0.01900179625,0.05602600291,0.09778205457,0.06541442135,0.02689162604,0.04483192199,0.04198528783,0.06935163801,0.05567787187,0.0120751005,0.03057223505,0.07107005389
b.bovis,EUKARYA,0.06137651813,0.05386518164,0.04841806211,0.06104307598,0.02233900778,0.03498664615,0.06078989697,0.05784655628,0.02599448177,0.06082706581,0.09465501397,0.06023344182,0.02615123729,0.03759923809,0.04303612272,0.08085083231,0.05692541562,0.01042882061,0.0362072922,0.06642609274
b.brevis,BACTERIA,0.07993466234,0.04894633447,0.03610535014,0.04964841335,0.007643521229,0.04293078257,0.07107030091,0.07074032931,0.02191876023,0.06651034513,0.1006134298,0.05688152214,0.02899864838,0.04127928293,0.04078952409,0.05971391517,0.05642952124,0.01224725434,0.03325052122,0.07434758103
b.bronchiseptica,BACTERIA,0.1383130082,0.07495893968,0.02410856,0.05351247516,0.009304756862,0.0401983166,0.04952638751,0.0874914643,0.02178758576,0.04343467375,0.1074893906,0.02596938866,0.02480061893,0.03248934456,0.05474505175,0.04923005376,0.04824595578,0.01407615961,0.02453557508,0.07578229348
b.burgdorferi,BACTERIA,0.04447246393,0.03182212862,0.0756041124,0.05219706627,0.007595281642,0.02544153781,0.06967845332,0.04790869959,0.01250484953,0.1028884701,0.1032833601,0.1082137117,0.01947892996,0.05982467808,0.02412985645,0.07374050878,0.04229941436,0.004671710174,0.04402676938,0.05021799775
b.burgdorferi_zs7,BACTERIA,0.04486090537,0.03184159385,0.07511517606,0.05246864085,0.007153826291,0.02473940992,0.06983950097,0.04902491065,0.01246211761,0.1041735183,0.102423114,0.1070355925,0.01863202098,0.06003832407,0.02475300001,0.07444110732,0.04180313388,0.004742943343,0.04329804439,0.05115311961
b.canis,BACTERIA,0.1156421715,0.06652980315,0.0308831766,0.05481180196,0.008793320033,0.03192303944,0.05856109114,0.08262679419,0.02124061741,0.05926575617,0.09826221892,0.04176264783,0.02683724272,0.04022052374,0.04874290114,0.05528300654,0.05091151313,0.01220634049,0.02385580283,0.07164023102
b.cavernae,BACTERIA,0.1464401159,0.07835914556,0.01506968325,0.06634481566,0.005204280563,0.02403772406,0.05488410296,0.09441822781,0.02031161536,0.03215999955,0.1024380074,0.01088408622,0.01596983414,0.02760904307,0.05998658489,0.05057021177,0.06131554507,0.01654855237,0.01932082186,0.09812760249
b.cenocepacia,BACTERIA,0.1356725232,0.07318799262,0.02606562517,0.0581668442,0.00910564306,0.03392546445,0.04734054353,0.08294266369,0.02373902473,0.04502036005,0.1010136938,0.02966644727,0.0222356265,0.03659674643,0.05317812886,0.05222750449,0.05434417919,0.01362592152,0.02389211468,0.07805295262
b.cenocepacia_hi2424,BACTERIA,0.1366974054,0.07383412692,0.02581205396,0.05764773902,0.009224299003,0.03366438303,0.04628757794,0.08361337503,0.0236462791,0.04463210624,0.1013971949,0.02760101703,0.0223564577,0.03628197487,0.05297598718,0.05318493021,0.05507791834,0.01401838074,0.02411059694,0.07793619648
b.cenocepacia_j2315,BACTERIA,0.1373773463,0.07321960091,0.02598982642,0.05838145458,0.009175466043,0.03375277823,0.04591781213,0.08368265311,0.02349344149,0.04444696912,0.1013275457,0.02792947615,0.02244091164,0.03607635325,0.05267959825,0.05246935345,0.05543106278,0.01404113137,0.02420992791,0.07795729114
b.cenocepacia_mc0-3,BACTERIA,0.1364417674,0.07288492984,0.02593800773,0.05810113731,0.00907917457,0.03370284459,0.04631133195,0.08405091522,0.02336295207,0.04493988703,0.1017532785,0.02771225464,0.02241697767,0.03597187535,0.05239172408,0.05307613873,0.05518038686,0.01399039465,0.02417204354,0.07852197821
b.cepacia,BACTERIA,0.1364072382,0.07348905751,0.02613475145,0.05797689766,0.009467932231,0.03373683103,0.04679459603,0.08374918767,0.02375678471,0.04471639223,0.1009523766,0.02773196159,0.02247032118,0.0360095375,0.05293904973,0.05352072712,0.0548204626,0.01382067312,0.02395998279,0.07754523903
b.cereus,BACTERIA,0.0663556261,0.03700274662,0.04700705302,0.04681748906,0.008322956538,0.03727610333,0.07554467013,0.06724300519,0.02091728349,0.08066289691,0.09460821045,0.07452885459,0.02822648497,0.04647270245,0.03430008661,0.05828473468,0.05639871069,0.01018906257,0.03746429364,0.07237702897
b.cereus_03bb102,BACTERIA,0.06675120627,0.03728117485,0.04678990681,0.04653997127,0.008345216234,0.03702071571,0.07546277539,0.06684263006,0.02117019821,0.08101200217,0.09459205258,0.07488463502,0.02843542981,0.04678727591,0.03410896663,0.05797320691,0.05629271925,0.01013817489,0.03728117485,0.07229056717
b.cereus_ah187,BACTERIA,0.06660818649,0.03747000102,0.04664297855,0.04654579763,0.008312508085,0.03756589478,0.07522832689,0.06687656028,0.02114939925,0.08031198292,0.09460723142,0.0749161895,0.02830796439,0.0466050072,0.03432545825,0.05803438402,0.05679033957,0.01025290851,0.03732197711,0.07212690412
b.cereus_ah820,BACTERIA,0.07043701266,0.04426193764,0.04212307788,0.0498686574,0.007423712271,0.03597645178,0.08088212391,0.07102883308,0.02077601155,0.07719622481,0.09305078235,0.07539999792,0.02785709094,0.04065910106,0.03506276411,0.05404254877,0.05496661925,0.007662517002,0.03419060771,0.07713392792
b.cereus_atcc10987,BACTERIA,0.06627561544,0.03788808855,0.04643689798,0.04615900459,0.008768645276,0.037230538,0.07549763138,0.0667002835,0.02125558233,0.08047231438,0.09504801815,0.07513493485,0.02856039484,0.04720404028,0.03408107964,0.05792772424,0.05567848388,0.01024617701,0.03763824544,0.07179630023
b.cereus_b4264,BACTERIA,0.066702149,0.03680894684,0.04709286507,0.04688831208,0.008114597338,0.03737891489,0.07552242106,0.06784009914,0.02083924981,0.08043103089,0.09418904006,0.07481873229,0.0279635194,0.04635011926,0.03424640758,0.05838630859,0.05630436956,0.01027597442,0.0374232678,0.07242367492
b.cereus_g9842,BACTERIA,0.06537001456,0.0369543336,0.04801625548,0.04702227841,0.008365869014,0.03768442296,0.07585452498,0.06667814369,0.02068942552,0.08091174464,0.09425001225,0.0755353465,0.02793251511,0.0462079963,0.03392842108,0.05891167678,0.05593100216,0.01023507369,0.03766683044,0.07185411282
b.cereus_nvh,BACTERIA,0.0686481501,0.03991025078,0.0435374452,0.04563023545,0.008437833944,0.03973060419,0.07620997539,0.06629237206,0.02250582925,0.08106043349,0.09466727413,0.074730206,0.02906385603,0.04611268842,0.03437824683,0.05580619651,0.05483943854,0.009831484085,0.03718036333,0.07142711626
b.cereus_q1,BACTERIA,0.0668020677,0.03737658305,0.04672842701,0.04646570532,0.008221026908,0.03741523786,0.07526485098,0.06715978851,0.02113107912,0.08057759462,0.09476980732,0.07440068661,0.02793891229,0.04673301318,0.03444405862,0.0580772179,0.05679112643,0.01018259485,0.03743816868,0.07208205303
b.cereus_zk,BACTERIA,0.0660403848,0.03719293813,0.04705556428,0.04625884969,0.0084386708,0.03714541042,0.07515319871,0.06636807588,0.02114670617,0.0810416324,0.09539625294,0.07489367237,0.02838592754,0.04707620131,0.03392040484,0.05858916481,0.05623779366,0.01027536682,0.03750249364,0.07188129078
b.cicadellinicola,BACTERIA,0.06977543068,0.0498461854,0.05689602133,0.04432936833,0.01322292863,0.04480106645,0.05027173913,0.06099774405,0.02553835111,0.09896944217,0.1090084085,0.05908531583,0.02475902379,0.0373461854,0.03643867925,0.06083367514,0.05298400328,0.01100287121,0.03545939295,0.05843416735
b.clausii,BACTERIA,0.08790592639,0.04449616504,0.03728928041,0.04980204667,0.007757003642,0.04011474376,0.07423758468,0.07199723313,0.02263056172,0.0668370191,0.1005456432,0.05770146278,0.02702663113,0.04452953024,0.03849937949,0.0566826033,0.05519418957,0.01098040811,0.03331719325,0.07245539438
b.dentium,BACTERIA,0.10570892,0.05760306411,0.0350950383,0.06523685409,0.01009848172,0.03355874469,0.05694219298,0.08020379729,0.02090816143,0.05622437303,0.08812100696,0.03988006315,0.02820423169,0.03557049469,0.04370358009,0.06168483731,0.06031276819,0.01449810877,0.02880550523,0.07763977623
b.duttonii,BACTERIA,0.04835008196,0.03400802984,0.07293136626,0.05784572257,0.007699617514,0.02700449006,0.06698738508,0.05275223909,0.01386928943,0.1022236476,0.09924928135,0.09998337016,0.02094647566,0.05555555556,0.02247879695,0.06991423752,0.04344665384,0.004808400447,0.04205212268,0.05789323641
b.faecium,BACTERIA,0.1340323775,0.07644190684,0.01573362332,0.06055626333,0.00532350456,0.02959450713,0.06581075258,0.09144434103,0.02305111049,0.03932473191,0.1075388957,0.01557693994,0.01945578637,0.02756508423,0.05888590652,0.05520757751,0.0600489076,0.01433932772,0.01783485944,0.08223359628
b.floridanus,BACTERIA,0.04565681007,0.04081737276,0.06888508387,0.04584649141,0.01577943649,0.03899745724,0.04438543247,0.05700180454,0.02580691465,0.1140702539,0.1005054751,0.0716841652,0.02508407497,0.04452897511,0.03180494607,0.07029487758,0.04864044621,0.01037095517,0.0423245704,0.05751445679
b.fragilis,BACTERIA,0.06865314444,0.0478984488,0.05032938275,0.05409330814,0.01272720874,0.03435673893,0.06467616667,0.0681541368,0.01856006757,0.06974920152,0.09273371972,0.06628694322,0.02721225673,0.04649066906,0.03788561538,0.06237218428,0.05587565785,0.01260905579,0.0448729793,0.06446311429
b.fragilis_nctc9343,BACTERIA,0.06886188176,0.04720092174,0.05046542813,0.05408014477,0.0123100858,0.03446381378,0.06509744698,0.0686581349,0.0183072737,0.06999127729,0.09279530276,0.06619429509,0.02720508781,0.04631302808,0.03792555754,0.0617079585,0.05609092448,0.0126394657,0.04489135671,0.0648006145
b.garinii,BACTERIA,0.0445271735,0.03198351043,0.07387008801,0.05154989328,0.006569855916,0.02290292397,0.06812604267,0.05130681194,0.01213075778,0.1084375864,0.1036592066,0.1042985438,0.018467522,0.06239864674,0.02524716044,0.07489236159,0.03986866948,0.005011471441,0.04240603907,0.05234573492
b.glumae,BACTERIA,0.1403039304,0.07690983344,0.02528632048,0.05482721661,0.009311226705,0.03512783651,0.050411715,0.08397575995,0.02312122782,0.04332586433,0.1031887861,0.02643323719,0.02129382422,0.03455105746,0.05377327934,0.05414979499,0.05225495575,0.0138380993,0.0237143549,0.07420167956
b.grahamii,BACTERIA,0.08404480383,0.05072716105,0.04429286628,0.05181733392,0.01007403726,0.04001966861,0.06138390709,0.07052001071,0.02342034301,0.07337405879,0.09783557813,0.06263331869,0.02368807407,0.04429286628,0.03733885828,0.06672802899,0.05426016109,0.01075998873,0.02893420291,0.06385473228
b.halodurans,BACTERIA,0.0738653276,0.04839290129,0.03623686817,0.05074473255,0.007348947183,0.04115494507,0.07840923041,0.07012022339,0.02414894315,0.06933487824,0.09984057661,0.05865704297,0.02765440777,0.04456203134,0.03818930013,0.05613704357,0.05552407074,0.01138077805,0.03383458647,0.07446316529
b.henselae,BACTERIA,0.08355833209,0.05268393915,0.043131298,0.04985772662,0.01073361717,0.04070302304,0.06036670161,0.06952354464,0.02409233863,0.07431591108,0.09966838536,0.06113048501,0.02460580647,0.04445133823,0.03917545624,0.065625468,0.05356325282,0.01059883186,0.02816157121,0.06405297276
b.hermsii,BACTERIA,0.04720294339,0.03683069933,0.06795091563,0.05542548151,0.007051871673,0.02391852719,0.06767566965,0.05402486273,0.01406541796,0.1064330908,0.1039593612,0.09387281545,0.02042394849,0.05877721103,0.02528778883,0.07151866098,0.04167015079,0.005240125986,0.04266661092,0.05600384648
b.hyodysenteriae,BACTERIA,0.05807912676,0.03106552631,0.07777801887,0.06147210075,0.008654310653,0.02046862099,0.07024289857,0.05291257867,0.01322243451,0.1046842684,0.08650085138,0.08848455917,0.02540562085,0.04843353323,0.02581903606,0.06735812835,0.04756558969,0.005995662566,0.0504869049,0.05537022931
b.indica,BACTERIA,0.1171132857,0.06600948702,0.02824758253,0.05447629859,0.008904524991,0.03393350483,0.05693286193,0.08028717548,0.02316897499,0.05710165241,0.1062974568,0.03643805762,0.02217360762,0.03998596722,0.05383836988,0.0570991702,0.05462605877,0.01272878763,0.02333693806,0.06730023771
b.japonicum,BACTERIA,0.1240944949,0.07204477568,0.02759258563,0.05466082405,0.009198667604,0.0318993709,0.05255508209,0.08347903807,0.02065001589,0.05264051157,0.09863612771,0.03620046086,0.02463862377,0.03735015193,0.05260482103,0.05815659871,0.05422987974,0.01318385831,0.02209700158,0.07408710998
b.licheniformis,BACTERIA,0.08036447347,0.04397108719,0.03802216029,0.05146079113,0.007684791551,0.03591604425,0.07399382527,0.0720753254,0.02185147275,0.07157141825,0.09742924338,0.07101272054,0.02745090226,0.04543216887,0.03744602922,0.06032357978,0.05224031141,0.01030892746,0.03396765862,0.0674770689
b.licheniformis_dsm13,BACTERIA,0.08036066147,0.04400998785,0.03808072368,0.05144037296,0.007629880483,0.03592224913,0.07383291118,0.07211021956,0.02185373719,0.07165072611,0.09745676101,0.07099664292,0.02756143068,0.04548412785,0.03740538278,0.06036043255,0.05227596424,0.01028382305,0.03389213841,0.0673918269
b.longum,BACTERIA,0.1115947881,0.05754751841,0.03427593185,0.06518414114,0.009401558819,0.03403114832,0.05659800774,0.0804667414,0.02192917492,0.05365904615,0.08663310378,0.04057793861,0.02565393844,0.03412469616,0.04712628804,0.06130502368,0.06252738223,0.01356755636,0.02678119002,0.07701482577
b.longum_djo10a,BACTERIA,0.1117266151,0.05774237658,0.03428972941,0.06587966378,0.008912822277,0.03376201569,0.05770739003,0.08025913367,0.02142342757,0.0536139643,0.08721708276,0.04078410678,0.02588421203,0.03422412964,0.04636883399,0.06030659875,0.06209237031,0.01402960445,0.02724431396,0.07653160889
b.longum_infantis_atcc15697,BACTERIA,0.1090007763,0.06179406471,0.03371515722,0.06532108901,0.01012553011,0.03325961445,0.05573347378,0.07965882967,0.02175372734,0.054097264,0.08965331323,0.03991553114,0.02691072111,0.03399347513,0.04708190534,0.06033507979,0.06027766892,0.0145187097,0.02739621737,0.07545785169
b.mallei,BACTERIA,0.1473169412,0.08196087528,0.02545813036,0.05860975798,0.01097966442,0.03297765406,0.04884790845,0.07815278744,0.02482022733,0.04086445527,0.09796644243,0.03077398902,0.02033557566,0.03452408567,0.05557488595,0.04913786438,0.05014304492,0.01271939998,0.02565143432,0.0731848759
b.mallei_nctc10229,BACTERIA,0.1471904822,0.08380950989,0.02483305649,0.05582244995,0.01034035583,0.0314620676,0.04783267336,0.08240671538,0.02381948721,0.04224646911,0.09828089148,0.0281064467,0.02167418011,0.03585440418,0.05415225346,0.05165183164,0.04936460048,0.0132275664,0.02389197203,0.0740325865
b.mallei_nctc10247,BACTERIA,0.1460895438,0.08342844578,0.02505757587,0.05569352863,0.01027468645,0.03154725288,0.04830780337,0.0824459702,0.02379039843,0.04247777038,0.09826662328,0.02867862753,0.02185213806,0.03599127084,0.0536968027,0.05146176607,0.04953939308,0.01315157323,0.02403442859,0.07421440083
b.mallei_savp1,BACTERIA,0.1464861427,0.08455076084,0.02476953855,0.05569240606,0.01035288534,0.03154116666,0.04842112896,0.08240451134,0.02387636654,0.04246159525,0.09769522071,0.02857227607,0.02176900792,0.03588639907,0.05397263796,0.05139990706,0.04935648769,0.01305349474,0.02373596385,0.07400210274
b.melitensis,BACTERIA,0.1147903242,0.06704633786,0.03103690893,0.0548694042,0.008949693391,0.03186794436,0.05825042289,0.08354907954,0.02112662705,0.05896243804,0.09753975593,0.04130003855,0.02700285859,0.03992867209,0.04885624667,0.05589740241,0.05131564811,0.01242340044,0.02394730245,0.0713394943
b.melitensis_abortus,BACTERIA,0.1154689943,0.06646157346,0.03092775298,0.05514088311,0.008510420517,0.03195018623,0.05927497086,0.0829512951,0.02099456939,0.05923630264,0.09820704558,0.04185607461,0.02669244548,0.03969406613,0.04857979585,0.05528873219,0.05122515709,0.01203946433,0.02380142731,0.0716988428
b.melitensis_atcc23457,BACTERIA,0.1156384553,0.06634637231,0.03084024626,0.05503632404,0.008645731163,0.03191749927,0.05901506713,0.08243867028,0.02097761818,0.05923229099,0.09836583379,0.04186103215,0.02695238254,0.03992374999,0.04862267884,0.05517375138,0.0510387401,0.01203375836,0.02385694257,0.07208285539
b.microti,BACTERIA,0.1156043613,0.06612193916,0.0311431471,0.05478570871,0.008626818288,0.03192276666,0.05844128132,0.08344323298,0.02083322491,0.05920008327,0.09821957376,0.04147388691,0.02672981342,0.04008951573,0.04857165162,0.05560279997,0.05141221473,0.01225428713,0.02397356163,0.07155013141
b.multivorans,BACTERIA,0.1380132857,0.07613361549,0.02532372438,0.05773467487,0.009476955406,0.03338362956,0.04722727214,0.08150408772,0.02343366576,0.04510959674,0.1007572084,0.0285775087,0.0224417306,0.03581927722,0.05299915964,0.0522254601,0.05424290512,0.01393103557,0.02433573919,0.07732946763
b.multivorans_t,BACTERIA,0.1381551665,0.07515487538,0.02526107925,0.05792377119,0.009335814377,0.03340447347,0.04738540994,0.08174078153,0.02335219433,0.04517728073,0.1014397651,0.02856491854,0.02235673869,0.03591134065,0.05288269472,0.05165635008,0.05413486247,0.01400524057,0.02438613147,0.07777111103
b.ovis,BACTERIA,0.1155086828,0.06636814904,0.03120278854,0.05518824247,0.008717658335,0.03191639959,0.05866230996,0.0831339477,0.02110780284,0.0591844644,0.09797821804,0.04205663867,0.0269698566,0.03952825088,0.04847217613,0.05539362322,0.05137187375,0.01201071229,0.02381024212,0.07141796258
b.parapertussis,BACTERIA,0.1373754398,0.07550488699,0.02407768489,0.05335082389,0.009479718937,0.04025839609,0.04961356397,0.08679387384,0.02208850991,0.04345884826,0.1082967753,0.02588331096,0.02477400539,0.0326709791,0.05462328405,0.04911754487,0.04793103222,0.01416531494,0.02462614654,0.07590986
b.pennsylvanicus,BACTERIA,0.05434071489,0.04642552685,0.06287543863,0.04580103487,0.01549830495,0.03657738744,0.04705993141,0.0597281973,0.02827065284,0.1071499376,0.1006621598,0.06726670764,0.02530679408,0.04246545469,0.03417854523,0.06805971333,0.05188239726,0.01081957138,0.03782141512,0.05781011479
b.pertussis,BACTERIA,0.1362111205,0.07657503104,0.02462728001,0.05320611823,0.008973441501,0.04130242788,0.04943190781,0.08490859459,0.02397403415,0.04384144217,0.1072856075,0.02721085404,0.02376905932,0.03280131968,0.05350288613,0.04879470345,0.04850060913,0.01419227887,0.02467273095,0.07621855307
b.petrii,BACTERIA,0.1295888527,0.07439320717,0.02514863189,0.05409660011,0.01012319353,0.04139287108,0.05020068686,0.08415713452,0.02272068794,0.04442731814,0.1065108301,0.02877219821,0.02480288649,0.03267390607,0.05460266321,0.05305936391,0.04972359683,0.01475309143,0.02474494033,0.07410733946
b.phymatum,BACTERIA,0.1251287515,0.07076306591,0.02870190462,0.05518804725,0.01010895056,0.03607431908,0.05109230721,0.08034465028,0.02399886946,0.04749385701,0.1003066964,0.03159829858,0.02424277632,0.03684600413,0.04976771168,0.0581087495,0.05492889621,0.01368226847,0.02419168772,0.07743218812
b.phytofirmans,BACTERIA,0.1263232662,0.06798667828,0.02883954284,0.05338429119,0.009414471058,0.03668536457,0.05112337609,0.08117534967,0.02312159071,0.04750754282,0.1021746501,0.03159573053,0.02382887774,0.03742441084,0.0504358313,0.05830740377,0.05503276782,0.01359124131,0.02448294657,0.07756466655
b.pseudofirmus,BACTERIA,0.0727094832,0.04290217347,0.04076515577,0.0514352301,0.006844795962,0.0381501868,0.07984705559,0.06808928764,0.0224003163,0.07436521316,0.09894508732,0.06296278069,0.02870209957,0.04396150699,0.03592224992,0.06054966898,0.05498274621,0.009964408062,0.03442917354,0.07207138073
b.pseudomallei,BACTERIA,0.145091143,0.07769136867,0.02550025585,0.05693795065,0.009655368426,0.0320709078,0.04791328447,0.08324968327,0.02333447656,0.04308560025,0.1008365341,0.02723117196,0.02138612887,0.03575619743,0.05330187187,0.05306586068,0.05086945016,0.0136991942,0.02439351401,0.07493003775
b.pseudomallei_1106a,BACTERIA,0.1472228405,0.0841221184,0.02513761177,0.05583257103,0.01048786502,0.03126458617,0.04658154149,0.08328185861,0.02370080599,0.04234995859,0.09748359499,0.02640040494,0.02170639073,0.03541012417,0.05482214421,0.05394871627,0.05030310401,0.01335186263,0.02344074847,0.07315115206
b.pseudomallei_1710b,BACTERIA,0.1485441533,0.1057527185,0.02239242502,0.0571668995,0.01047196556,0.03295384917,0.04874022696,0.0817933384,0.02760594103,0.03930132431,0.09417579634,0.023300491,0.01914046224,0.03230844015,0.05477888614,0.05044525052,0.04527871049,0.01156180813,0.0203659224,0.07392139082
b.pseudomallei_668,BACTERIA,0.1472714401,0.08390649094,0.02496145006,0.05597936245,0.01052825541,0.0312564856,0.04699989332,0.08299874895,0.02361826346,0.04261877746,0.09756771697,0.02651217596,0.02184981525,0.03555516763,0.0550565884,0.05338997023,0.04980652294,0.0133120945,0.0234640637,0.07334671671
b.pseudomallei_mshr346,BACTERIA,0.1445405735,0.08054157323,0.02575944877,0.05507146224,0.009878578773,0.03234460884,0.04833450466,0.08280260119,0.02311095978,0.04400366327,0.09812492347,0.02946045633,0.02219262683,0.0360288432,0.05372625124,0.05260496252,0.05064836822,0.0130470371,0.02351519401,0.07426336279
b.pumilus,BACTERIA,0.07368419085,0.04002239198,0.03666359509,0.05180715235,0.007264309465,0.04324380903,0.0731561663,0.06786283698,0.0250218219,0.07333840486,0.09782192208,0.0704562319,0.02927312047,0.0451559121,0.03602342373,0.06064338624,0.05596219157,0.009470797906,0.03381693529,0.06931139991
b.quintana,BACTERIA,0.08519976305,0.05422497203,0.04182189166,0.04979661686,0.01086553018,0.04011847561,0.05936418087,0.06883696439,0.02389784769,0.07575594024,0.1008174817,0.05877706839,0.02493516751,0.04553412756,0.03981833739,0.0643559534,0.05228460475,0.01056802475,0.02734943724,0.06567761469
b.recurrentis,BACTERIA,0.04447044879,0.03396288031,0.07387349795,0.05639918479,0.007547306736,0.02631276571,0.06580308061,0.05120738765,0.01399094081,0.1080964217,0.1015892886,0.097882158,0.02064623814,0.05843719951,0.02328295748,0.06990632389,0.04250500432,0.004940825003,0.04314906536,0.05599702462
b.subtilis,BACTERIA,0.07687736579,0.04088811103,0.03948715861,0.05188815174,0.007844031096,0.03838414262,0.07263136473,0.06920753795,0.02268305588,0.07368960886,0.09660629248,0.0705946518,0.02783589076,0.04500793683,0.03665350645,0.06277422769,0.05420407831,0.01033497497,0.03489275103,0.06751516138
b.suis,BACTERIA,0.1154251775,0.06612108448,0.03111384808,0.05479067003,0.008665444328,0.03188308463,0.05847807032,0.08319126954,0.02087881789,0.05919902842,0.09822410425,0.0416042176,0.02673123819,0.04018697705,0.04863570481,0.05559101935,0.05133822483,0.01215329372,0.02401691677,0.07177180818
b.suis_atcc23445,BACTERIA,0.1156461407,0.06661868012,0.03087772089,0.05502830485,0.008725253553,0.03193631139,0.05871388832,0.08247264225,0.02109928886,0.05910571834,0.09845541039,0.04188576315,0.02677865934,0.04015824737,0.04868758592,0.05547966705,0.05076904759,0.01216621386,0.02378797883,0.07160747724
b.thailandensis,BACTERIA,0.143357135,0.0801850567,0.02534743201,0.05687372229,0.01004605299,0.03197131642,0.04780682981,0.08250753686,0.02325776645,0.04369445865,0.09920065271,0.02784194773,0.02158891844,0.03562475437,0.05397950716,0.05405058773,0.05060421054,0.01357793288,0.02372854642,0.07475563481
b.thetaiotaomicron,BACTERIA,0.06841436662,0.04556901218,0.05254682388,0.05536452968,0.01223799179,0.03501929533,0.06515844591,0.06770073285,0.01819259038,0.06889848466,0.09018526723,0.06682857311,0.02718160031,0.04567095986,0.0378097795,0.06305490763,0.05705173711,0.01364978036,0.04656873996,0.06289638166
b.thuringiensis,BACTERIA,0.0668628799,0.03714859573,0.04648200651,0.04624833356,0.008330508097,0.03702230429,0.0752116226,0.06698174244,0.02120548226,0.08125470216,0.09486919042,0.07427693081,0.02856685545,0.04711278839,0.0340703261,0.05804273919,0.05635570155,0.01008643198,0.03742076393,0.07245009462
b.thuringiensis_alhakam,BACTERIA,0.06721662669,0.03745607086,0.04665371757,0.04663180863,0.008235707327,0.03681386507,0.07572482646,0.067366566,0.02123934763,0.08061805119,0.09430976913,0.07451709616,0.02883421848,0.046203215,0.03438813467,0.05775744202,0.05650247058,0.009888462958,0.03703432378,0.0726082798
b.tribocorum,BACTERIA,0.08478707568,0.05287292672,0.04262530702,0.05225383858,0.0105369423,0.04028894928,0.06294166416,0.0697936321,0.02412421583,0.0714471263,0.09773348411,0.06296344113,0.02382400475,0.04401592208,0.03795259154,0.06521580199,0.05326335667,0.01137691112,0.02948757235,0.06249523629
b.turicatae,BACTERIA,0.04517060111,0.03590850147,0.06921650376,0.05500439226,0.007215862348,0.02391343754,0.0672051257,0.05350544501,0.01414936486,0.1078684273,0.1036330298,0.09481015659,0.02041705593,0.05957443842,0.02479537627,0.07154161496,0.04216573476,0.005194026521,0.04286989138,0.05584101399
b.vietnamiensis,BACTERIA,0.1355863757,0.07542753515,0.02631136699,0.05775884124,0.009837029134,0.03495654835,0.04926875478,0.08021624659,0.02372742763,0.04465604051,0.1001938059,0.03004534958,0.02265430478,0.03550084362,0.05188948214,0.05455368624,0.0533355016,0.01402166479,0.02397574667,0.07608344857
b.vulgatus,BACTERIA,0.06853425626,0.04702359081,0.05229738148,0.0545908779,0.01298133464,0.03411468931,0.06622693169,0.068408486,0.01981573011,0.06886415627,0.09024246662,0.06808582931,0.02827855413,0.04571650198,0.03722075381,0.05999702366,0.05566288829,0.01338696019,0.04544520697,0.06310638057
b.weihenstephanensis,BACTERIA,0.06621860759,0.03760321968,0.0469473667,0.04728353691,0.008270794552,0.03762525331,0.07569999263,0.06729447818,0.02061592175,0.08040700518,0.09457651681,0.07466944836,0.02822193026,0.0464884377,0.03384428268,0.0586402985,0.05612531721,0.01031173807,0.03747227697,0.07168357695
b.xenovorans,BACTERIA,0.1258011621,0.07088285001,0.02886642948,0.05292848954,0.009741585173,0.03646775263,0.05094441171,0.08259091985,0.02339603321,0.04711448804,0.1016407239,0.02993853524,0.02335617931,0.03695066698,0.05093004995,0.05853280927,0.05484398994,0.01370435517,0.02445988095,0.07690868754
blattabacterium_blattella_germanica,BACTERIA,0.03787942675,0.03494272944,0.06318859847,0.04312282042,0.01091836279,0.03058728986,0.0623552114,0.05722591239,0.02323562531,0.1135886739,0.09115667181,0.1087074067,0.0223179074,0.05972607361,0.03093949511,0.07141829582,0.04114848676,0.008542217504,0.04115840803,0.04784038653
blattabacterium_periplaneta_americana,BACTERIA,0.03827887967,0.03822371555,0.05972267496,0.04243123292,0.01006995813,0.02930217397,0.06357914797,0.05802763221,0.02298337554,0.1108196886,0.09327750056,0.1088387954,0.02254707756,0.05889019834,0.03288282641,0.07185877987,0.04101201073,0.008786138763,0.0411323688,0.04733582408
bradyrhizobium_btai1,BACTERIA,0.1293359533,0.07235120643,0.02575645555,0.05574342205,0.008577628698,0.03305306353,0.05203846866,0.0823992385,0.02083416033,0.0526926245,0.1013656227,0.03350584523,0.02358558442,0.03635774964,0.05321197957,0.05581123593,0.05366269377,0.01346725747,0.02198244778,0.07426736201
bradyrhizobium_ors278,BACTERIA,0.1285793186,0.07099852013,0.02623087597,0.05620828003,0.008616025836,0.0328745245,0.05187696019,0.08334365273,0.02028455156,0.05242738012,0.09996972455,0.03423668433,0.02421188483,0.03613843461,0.05322923224,0.05648702134,0.05461116764,0.01327317167,0.02197442078,0.07442816832
buchnera,BACTERIA,0.04470484497,0.03796405977,0.07171579277,0.04325469969,0.01214297476,0.0320147458,0.05515332763,0.05429280186,0.02116787158,0.1154273148,0.09899764683,0.09874798812,0.02174155543,0.05040450023,0.0300652831,0.0727622346,0.04568754416,0.009078015691,0.03609958727,0.04857721094
burkholderia_383,BACTERIA,0.133922325,0.07252224492,0.02644867308,0.0577635909,0.009533284154,0.03395141216,0.04640849075,0.08375036161,0.02388717836,0.04495016494,0.1008574162,0.0272613673,0.0228070252,0.03658195414,0.05301361541,0.05446638569,0.0553945555,0.01420270451,0.02447050868,0.07780674147
c.abortus,BACTERIA,0.06930414086,0.04478390417,0.03895959856,0.04654948112,0.0160220862,0.04006570704,0.06404637862,0.06162433079,0.02568329926,0.07157331191,0.1105838694,0.06137253374,0.02054544038,0.04663041588,0.04395057584,0.07957386347,0.05353984688,0.009613251719,0.03332114316,0.062256821
c.acetobutylicum,BACTERIA,0.05665401307,0.03348416828,0.06559450945,0.05542462048,0.01199995922,0.02336695542,0.06776187677,0.06329969992,0.01340947015,0.09623161858,0.08656300233,0.09386799025,0.02586397327,0.04485031487,0.02724289807,0.06805584348,0.04969821683,0.007400994389,0.04305422921,0.06617564596
c.acidiphila,BACTERIA,0.1409582411,0.06980569435,0.02162964604,0.05879959756,0.007510370245,0.03092091923,0.05122768284,0.09275012487,0.02176763525,0.03600611299,0.09818968527,0.02100707502,0.01830980715,0.02895052407,0.05909598283,0.05853722372,0.06459255286,0.01528408609,0.02180229451,0.08285474401
c.aggregans,BACTERIA,0.1122260439,0.07664651826,0.02752931211,0.04999543824,0.008358039792,0.04024661706,0.05410325013,0.07598561895,0.0216746788,0.05946016913,0.1125138429,0.01892204429,0.02011329491,0.03338394541,0.06017744145,0.04777908903,0.06130415981,0.01605740552,0.02719255758,0.07633053273
c.albicans,EUKARYA,0.04950595067,0.03736438266,0.06674769858,0.05726931486,0.01165279806,0.04410810253,0.0624964607,0.04961463875,0.02138054421,0.07161565154,0.09358010858,0.07226174178,0.01868863754,0.04539603994,0.04468581394,0.09215720866,0.06143308005,0.009946101484,0.034894748,0.05520097747
c.aurantiacus,BACTERIA,0.1127455372,0.07585505181,0.02731785843,0.05119858704,0.008179714819,0.04225877876,0.05400929746,0.07633073238,0.02124137696,0.05942309689,0.1130256839,0.01782344501,0.02006604067,0.03399374007,0.05909388896,0.04926671246,0.06009573338,0.01594916404,0.02712019147,0.07500536829
c.aurimucosum,BACTERIA,0.1176144714,0.06081876297,0.02905646912,0.05869716415,0.007303428547,0.03306984705,0.06750893575,0.08251011509,0.02157281354,0.04919351425,0.09519979195,0.03507532643,0.02222719493,0.03383429999,0.05019746352,0.06012325594,0.06038210551,0.01381821261,0.02279811548,0.0789987118
c.beijerinckii,BACTERIA,0.05741373007,0.03268182688,0.06525125611,0.05685931919,0.0117967017,0.02429620443,0.07412814469,0.06428387858,0.01347950921,0.09920797543,0.08936181498,0.08768153326,0.02586282561,0.04331792812,0.02736945929,0.06640806788,0.04968860168,0.00735510017,0.04082623639,0.06272988635
c.botulinum,BACTERIA,0.05425356704,0.03158807561,0.06563617816,0.05337973508,0.01238561825,0.02188949065,0.07473447856,0.0627971741,0.013598535,0.1039717562,0.08986886822,0.09903080638,0.02661008288,0.04374763733,0.0279740206,0.06133160593,0.04681079828,0.006834885651,0.04161244793,0.06194423812
c.botulinum_a_atcc19397,BACTERIA,0.0541067818,0.0316207468,0.06585264507,0.05332948202,0.01243871567,0.02193328849,0.07478967324,0.06271657635,0.01368047605,0.1038865948,0.08999691959,0.09915658176,0.02653854975,0.04369768221,0.02793864898,0.06136925674,0.0467771328,0.006842157285,0.04162488281,0.06170320775
c.botulinum_a_hall,BACTERIA,0.05412074518,0.03155314017,0.06561754329,0.05322010639,0.0124570161,0.02167987504,0.07455342913,0.06297818508,0.01369229135,0.1043092637,0.09006189285,0.09878230061,0.02657728464,0.04381950285,0.02809754703,0.0614201892,0.04667334616,0.006774154149,0.04164188338,0.06197030374
c.botulinum_a2,BACTERIA,0.05350333333,0.03183002613,0.06629251707,0.05360752764,0.01225663504,0.02231806516,0.07521137196,0.062220924,0.01353012106,0.1036368267,0.08983152581,0.09938178042,0.02633711579,0.04346772915,0.02775754251,0.06121905563,0.04737813273,0.007034451804,0.04190036174,0.0612849563
c.botulinum_a3_lochmaree,BACTERIA,0.05314349824,0.03155291851,0.06702949796,0.05364831708,0.01245422903,0.02250447592,0.07441464949,0.06151478728,0.0135491637,0.1042642396,0.08989605084,0.09944496038,0.02629148762,0.04384873887,0.02768409133,0.06159573237,0.04714224664,0.006922981182,0.04210450272,0.06099343126
c.botulinum_b_eklund,BACTERIA,0.05233739644,0.03045338692,0.07018931639,0.05764292741,0.01257772646,0.02275671097,0.07537424553,0.06243281433,0.01262140901,0.1014736214,0.09011045988,0.09306567957,0.02552770423,0.04325047576,0.02615350429,0.06410319718,0.04953126721,0.006893296817,0.04177476516,0.061730095
c.botulinum_b1,BACTERIA,0.05368833109,0.03174502678,0.06632646601,0.05360692895,0.01242287147,0.02217213478,0.07481490057,0.06210350373,0.01361496063,0.1037804964,0.09002624767,0.09906459893,0.02649097069,0.04379344839,0.02779611838,0.06145319105,0.04692471749,0.006877576604,0.04186421761,0.06143329275
c.botulinum_ba4,BACTERIA,0.05303773277,0.031768969,0.06724986428,0.05362034189,0.01235660974,0.02273411397,0.07487851276,0.06142642132,0.01343090565,0.103946294,0.08973327978,0.1005459754,0.02607087528,0.04342644781,0.02741793818,0.06137257412,0.0471516152,0.007006316012,0.04216147983,0.06066373302
c.botulinum_e3,BACTERIA,0.05308862303,0.03000687325,0.07006525098,0.05718962887,0.0124875678,0.02216697907,0.07477377631,0.06282489573,0.01259131497,0.1026249031,0.09062813922,0.09224719359,0.02546194923,0.04342517285,0.02625102625,0.06477614055,0.04941158397,0.006486193147,0.04085344017,0.06263934791
c.botulinum_f,BACTERIA,0.05410013303,0.03160799064,0.06585795973,0.05338246682,0.01223472147,0.02202361419,0.07496172292,0.06290920686,0.01352410364,0.1035438023,0.09002899483,0.09895613033,0.0265136761,0.04348666786,0.02794529004,0.06151384808,0.04717353857,0.00684292871,0.04128068093,0.062112523
c.burnetii,BACTERIA,0.08055688268,0.0541250215,0.0418980641,0.04526535058,0.01134595907,0.04178913372,0.06024996656,0.06354081067,0.02419783286,0.07361400424,0.1098992872,0.06289869475,0.02329007969,0.04517935292,0.04400978462,0.05940718941,0.05107879297,0.01198807499,0.03311292449,0.06255279301
c.burnetii_cbug_q212,BACTERIA,0.08066894026,0.05431903156,0.04180973268,0.04520273991,0.01144656883,0.04181552938,0.06010414755,0.06394156917,0.02435004396,0.07339406997,0.1099210681,0.06259866482,0.02358874279,0.04502497416,0.04394678621,0.05926748916,0.05109606114,0.01193735689,0.03288859691,0.06267788652
c.burnetii_cbuk_q154,BACTERIA,0.07956960238,0.05448524874,0.0422581277,0.04563781704,0.01145287837,0.04223964935,0.0604888631,0.06311648379,0.02429902397,0.07315392092,0.1099443063,0.06308322277,0.02330119333,0.04524977179,0.04443487677,0.05958896769,0.05100208066,0.01182983661,0.03305960745,0.06180452128
c.burnetii_dugway,BACTERIA,0.07911419294,0.0528571976,0.04333070652,0.04537495356,0.0113408228,0.04179793776,0.06108083523,0.06226206681,0.02409279249,0.07328967164,0.1101860815,0.06370986687,0.02277827667,0.04601805002,0.04425536594,0.06082426306,0.05134442147,0.01216718509,0.03336937561,0.06080593648
c.burnetii_rsa331,BACTERIA,0.08046295914,0.05433058762,0.04213985505,0.04548044946,0.01149711869,0.04254477559,0.06104364518,0.06325571107,0.02404965526,0.07283508112,0.1102958544,0.0630007611,0.02294924621,0.04477933706,0.04383827174,0.05948395127,0.05092438109,0.01195265429,0.03274607358,0.06238963103
c.caviae,BACTERIA,0.07111766098,0.0448073475,0.04083657105,0.04719608452,0.01608834336,0.03921747484,0.06466122977,0.06194468278,0.02370778734,0.07131434696,0.1102182644,0.06280268975,0.02050665169,0.04638938694,0.04326236485,0.08022222666,0.05309096299,0.009517891298,0.03245318731,0.06064484497
c.cellulolyticum,BACTERIA,0.06405227083,0.03838489954,0.05653107851,0.05564708646,0.01233916256,0.03003608567,0.06672559947,0.06838767536,0.01464608289,0.08574125083,0.08773727927,0.07860440288,0.02603719599,0.04223517605,0.03267610446,0.06729528324,0.05556338479,0.009039779643,0.0409805052,0.06733969637
c.chlorochromatii,BACTERIA,0.09360987215,0.04665334811,0.04458936872,0.05155182389,0.009687066832,0.03820281543,0.0627031378,0.07106232053,0.02193855193,0.06427726962,0.1004055144,0.04949049232,0.02361727282,0.04094993361,0.03840140229,0.06720841161,0.06460030424,0.01010409923,0.03080479309,0.07014220143
c.concisus,BACTERIA,0.07721976122,0.03395159613,0.05731633707,0.0573998861,0.01100460031,0.02579107287,0.06891089582,0.06232757357,0.01493481471,0.0797842048,0.09768074724,0.08978280663,0.0228907281,0.05517475387,0.02866243124,0.06914108191,0.04344037839,0.006612308647,0.03561064108,0.06236338029
c.crescentus,BACTERIA,0.1377818061,0.07339756816,0.02368573175,0.05791720042,0.00748340444,0.03210528536,0.0540047254,0.089692518,0.01801673656,0.04375587678,0.1000141415,0.03521062116,0.02266357594,0.03546533312,0.05482592339,0.05102095667,0.0522879006,0.01414561089,0.02105425944,0.07547082432
c.crescentus_na1000,BACTERIA,0.13800055,0.07253103243,0.02392047498,0.05767500435,0.007482927893,0.03180285031,0.05402140257,0.08899461275,0.0177514119,0.04389854198,0.1000253824,0.03550119672,0.02291087359,0.03568831059,0.05487480455,0.0513399794,0.05273845223,0.01428329691,0.02127322043,0.07528567407
c.curtum,BACTERIA,0.1127413866,0.05664398128,0.03121437686,0.06110165887,0.01502126755,0.03537856231,0.0601871544,0.07631646108,0.02106975755,0.05810080817,0.08977456402,0.03746916206,0.02527435134,0.0370225436,0.04106550404,0.06689493832,0.05919608677,0.01042109741,0.02757549979,0.07753083794
c.curvus,BACTERIA,0.08289177141,0.03863136997,0.05199833266,0.05578340151,0.01132871283,0.02879513646,0.06507916322,0.06618660054,0.0154811612,0.07946348459,0.09792253944,0.08207929746,0.02518669238,0.05512105862,0.02981426139,0.06559844005,0.04335431636,0.007236316879,0.03477211872,0.06327582431
c.difficile,BACTERIA,0.05366759232,0.03225646979,0.06304689138,0.05700711374,0.01243839614,0.02393067979,0.0739314469,0.06337845693,0.01355327466,0.09898382403,0.09086686066,0.09106290199,0.0271508717,0.04342826848,0.02741851073,0.06536103142,0.04930098481,0.006223886016,0.04078852937,0.06620400913
c.difficile_cd196,BACTERIA,0.0532675614,0.03188959345,0.0636914034,0.05660960441,0.01254139484,0.02329128982,0.07319531021,0.06334116517,0.01352044952,0.100602571,0.09103058717,0.09094728243,0.02711703779,0.04342685261,0.02730424953,0.065741775,0.04877716698,0.006175300054,0.04098503829,0.06654436694
c.difficile_r20291,BACTERIA,0.05337679104,0.03222995901,0.0634122768,0.05667844822,0.01253730238,0.02347051437,0.07349979188,0.06328793555,0.01360787177,0.100100884,0.09109716608,0.09093843256,0.02716812349,0.04333689602,0.02727394583,0.06569451205,0.04876910975,0.006210889825,0.04099469477,0.06631445463
c.diphtheriae,BACTERIA,0.1106930464,0.05954007693,0.03093373072,0.05852691545,0.008480587716,0.03481453784,0.05883759998,0.07897710558,0.02401206446,0.05617753558,0.09388858798,0.03677349998,0.02318311416,0.03364465939,0.04868948869,0.06235410887,0.06113611556,0.01409627921,0.02285180898,0.08238913649
c.dubliniensis,EUKARYA,0.04953953326,0.03774860776,0.06846603471,0.05870407919,0.01065200824,0.04491348169,0.06450070332,0.05043834171,0.02112957558,0.07259267341,0.09182225751,0.07361069437,0.0178556094,0.04406114592,0.04448950273,0.08960706007,0.06108327802,0.009661601482,0.03568966626,0.05343414536
c.efficiens,BACTERIA,0.1094631398,0.06699845092,0.02730239486,0.06096227699,0.007218771269,0.03204099671,0.06094687859,0.08595696454,0.02293027501,0.05230016209,0.09627389447,0.02650681071,0.02335219124,0.03238489437,0.05396626929,0.05644849183,0.06646977242,0.0145699688,0.02135245199,0.08255494407
c.felis,BACTERIA,0.0681975851,0.04502877494,0.04176227885,0.0462505512,0.0160853165,0.03934681313,0.06381885131,0.06225441595,0.02340473937,0.07191347015,0.1104541918,0.06273750909,0.02002589604,0.04705664267,0.04315538466,0.08266790998,0.05292959479,0.009524237513,0.03262283064,0.0607630063
c.fetus,BACTERIA,0.06931702345,0.03162293522,0.06320081549,0.05856015679,0.01106474207,0.02480462113,0.06111326999,0.06169710691,0.01456588628,0.09186326577,0.09772603969,0.08830580289,0.02352243267,0.05490319759,0.02782893391,0.07283130868,0.04484092791,0.00656675734,0.0367329162,0.05893186004
c.glabrata,EUKARYA,0.05534272558,0.04468077289,0.06028850305,0.06158359791,0.011720532,0.03943992505,0.06765913899,0.05179652314,0.02120909199,0.06533531629,0.09363949213,0.07331561125,0.02223514085,0.04201825073,0.04231600009,0.08630138664,0.05790765637,0.00994666536,0.03492163604,0.05834203364
c.glutamicum,BACTERIA,0.1079369856,0.05554322057,0.03293196103,0.05996803192,0.006307329192,0.03380534829,0.06406558612,0.08050525979,0.02095708512,0.05792241164,0.09677656965,0.03471872195,0.02300586222,0.03620874166,0.04825622446,0.06337213768,0.06170112688,0.01401523482,0.02221770914,0.07978445223
c.glutamicum_b,BACTERIA,0.1077360392,0.05579307441,0.03278144239,0.0595813896,0.006433956375,0.03374711189,0.06384416063,0.08042812046,0.02094937252,0.0578846601,0.09680365488,0.03486569653,0.02311217896,0.03626497469,0.04842486945,0.06357184602,0.06172429612,0.01407552332,0.022153841,0.0798237915
c.glutamicum_r,BACTERIA,0.1087328171,0.0556670453,0.03210073362,0.05890330808,0.006469407756,0.03293733976,0.06342202051,0.08186892616,0.0206833981,0.05837432357,0.09712529658,0.03422290721,0.0232077662,0.0361164431,0.0484493687,0.06355504609,0.06169372732,0.01426803198,0.02157508514,0.08062700772
c.hominis,EUKARYA,0.03625328989,0.04094862785,0.07835882261,0.0514888108,0.01715952256,0.03675463431,0.07032137827,0.04853480531,0.01851730663,0.08588752472,0.09473986712,0.07691567911,0.01994167105,0.04787981392,0.03594201249,0.1004242364,0.04809662688,0.008762430468,0.03567227668,0.04740066296
c.hominis_baa-381,BACTERIA,0.06738569666,0.03116627413,0.06942523293,0.05634893932,0.01194437175,0.02402582028,0.0657947753,0.05989632011,0.01342521631,0.09580835836,0.09221113146,0.09791850993,0.02215659152,0.06263993254,0.02662197133,0.06384039279,0.04320618424,0.00625360865,0.03556311555,0.05436755683
c.hutchinsonii,BACTERIA,0.07256037221,0.03356865179,0.05554635101,0.05071145298,0.01044021671,0.03461320063,0.05646211985,0.0643033906,0.01865201236,0.07866574889,0.09090813242,0.06992075888,0.02238889148,0.04906819014,0.03639653996,0.06866082362,0.0673511838,0.01084237178,0.04427621878,0.06466337211
c.hydrogenoformans,BACTERIA,0.07647695478,0.04709791949,0.04107521726,0.04257188509,0.008973077994,0.02821634611,0.07946474724,0.0751978581,0.01508585746,0.07485695043,0.1099607402,0.07845311064,0.02112657514,0.04582436603,0.04192332903,0.04579387835,0.04805966716,0.008504676394,0.03641614572,0.07492069739
c.japonicus,BACTERIA,0.09674714908,0.05580947049,0.04088038455,0.05517706034,0.009689219728,0.04762367535,0.05504144027,0.07318914575,0.02317290035,0.05661593848,0.1066945546,0.04013628729,0.02171299023,0.03798087104,0.04577286032,0.06538772834,0.05375486274,0.01493343738,0.03185621082,0.06782381285
c.jeikeium,BACTERIA,0.1143922732,0.06247764235,0.03118849521,0.06046596401,0.007236057328,0.0357123912,0.06581683798,0.08526170181,0.02106073528,0.04769133047,0.09205026612,0.03802194484,0.02249162481,0.03174072064,0.05032732278,0.05907315899,0.05913980688,0.01418240033,0.02167280779,0.07999651799
c.jejuni,BACTERIA,0.06806397127,0.02994814736,0.06304800602,0.05285071401,0.01219344145,0.0312887566,0.07045580714,0.05607132592,0.01646527999,0.08673210257,0.1079397139,0.09502576883,0.02235136167,0.05994747804,0.02675706428,0.06440633256,0.04062774372,0.006494375741,0.03679883774,0.05253377115
c.jejuni_81116,BACTERIA,0.06863435622,0.02965856453,0.06285449705,0.05287413601,0.01213260323,0.03133405663,0.06990176594,0.05626435891,0.01643904956,0.08675085982,0.1075022415,0.09455151157,0.02240136865,0.0601372177,0.02703741998,0.06451429367,0.04078861921,0.006670577456,0.03679215854,0.05276034381
c.jejuni_81-176,BACTERIA,0.06763344448,0.03001010556,0.06367827229,0.05278735556,0.01203961985,0.03161109871,0.07050614849,0.05582280829,0.01630325762,0.08672424691,0.1070640511,0.09514365412,0.02247256927,0.05991045036,0.02695194371,0.06455446594,0.04113946808,0.006604569832,0.036896647,0.05214582285
c.jejuni_doylei,BACTERIA,0.06694865121,0.03047996529,0.06338736394,0.05252800126,0.01232252721,0.03102815902,0.07148012305,0.05603801861,0.01658976179,0.0863779776,0.1071915917,0.09641504969,0.02234185203,0.0599877741,0.02629160751,0.06389611926,0.04083648841,0.006501419782,0.03722590314,0.05213164537
c.jejuni_rm1221,BACTERIA,0.06695511268,0.02970956791,0.06405580335,0.05296900783,0.01206313144,0.03153973372,0.0717662585,0.05468223607,0.01600931046,0.08665445319,0.1079630774,0.09703962328,0.02205850962,0.05999454291,0.02622371457,0.06448086215,0.04069427507,0.006414861095,0.0372715309,0.05145438785
c.kluyveri,BACTERIA,0.05569812604,0.03593307511,0.06212885184,0.0535657675,0.01324665756,0.02621260181,0.07021286393,0.06350319588,0.01454750254,0.09962931674,0.08824670184,0.09017893038,0.0268245037,0.04319797107,0.02886211043,0.06622443251,0.04917796161,0.00730297379,0.04140831301,0.06389814269
c.kluyveri_nbrc,BACTERIA,0.05558633089,0.03583374021,0.0620147752,0.05334039087,0.01325113734,0.02585431962,0.06998188464,0.06370584665,0.01452970783,0.1000716401,0.08853165169,0.08987410507,0.02732362618,0.04352432797,0.02878928228,0.06613704706,0.04891878203,0.00720599039,0.04142623123,0.06409918276
c.koseri,BACTERIA,0.09757951975,0.05787891585,0.03786687531,0.05149507976,0.01175023967,0.04484444411,0.05506300548,0.07382053513,0.0233567117,0.05857978309,0.1076142244,0.04122122314,0.0281203971,0.03960107245,0.04447396596,0.05876502216,0.05442158063,0.01505413059,0.02773609515,0.07075717853
c.kroppenstedtii,BACTERIA,0.1073655768,0.06292856707,0.03089014365,0.06796115129,0.007903283655,0.03164574009,0.05612111091,0.08360894411,0.02469085048,0.0519915566,0.08566450667,0.03489919946,0.02241555536,0.03078665671,0.05128274192,0.0709126556,0.06351546563,0.01392962604,0.02192222035,0.07956444756
c.lari,BACTERIA,0.06778198778,0.02831814521,0.06389667023,0.05363623509,0.01244490165,0.0328407696,0.07123492032,0.05313827509,0.01669088159,0.08809998545,0.105354402,0.0974915521,0.02249631653,0.05923060056,0.02574022882,0.0636671578,0.03995155648,0.006327985557,0.03868923812,0.05296818999
c.limicola,BACTERIA,0.08660489563,0.05929160736,0.03637562212,0.05487914994,0.01129508277,0.03115998126,0.06698625622,0.0771586502,0.02111766258,0.06459691178,0.1013046679,0.05028231393,0.02565514385,0.04395282434,0.04252452172,0.0665808759,0.05169798787,0.01034666963,0.03059926829,0.06758990666
c.lusitaniae,EUKARYA,0.07068282053,0.05019809521,0.04671561534,0.05619326888,0.01293206065,0.03902878478,0.06599467055,0.05504265053,0.02410538147,0.05287084017,0.09269988075,0.06334598795,0.02072571351,0.04467432506,0.04764201624,0.09511960634,0.05467734015,0.01090498904,0.03115091366,0.06529503918
c.maquilingensis,ARCHAEA,0.07161796213,0.05663566077,0.04637909697,0.04499015263,0.006517226237,0.01871165848,0.0586483825,0.07560348384,0.01456145954,0.08072677552,0.1067557587,0.0496410369,0.02650638083,0.0329038418,0.04526295128,0.06684065898,0.05072225105,0.01320079311,0.04394886023,0.08982560847
c.merolae,EUKARYA,0.1098495919,0.08662038379,0.02592774272,0.04885557149,0.01777543195,0.04326379534,0.06271703773,0.06389083089,0.02491177715,0.03730560538,0.1032795226,0.02825391525,0.01851143199,0.03321438103,0.05468170972,0.07935674548,0.05555372701,0.01530293183,0.02333548397,0.0673923828
c.michiganensis,BACTERIA,0.1421919863,0.07778051166,0.01540291648,0.06582626105,0.004705702601,0.02654956812,0.05306341934,0.09286098384,0.01984471082,0.04114786205,0.09967497614,0.01709252465,0.01717387983,0.02771830472,0.05738119664,0.05538402621,0.06100050996,0.01379367136,0.01828308824,0.09312389997
c.michiganensis_sepedonicus,BACTERIA,0.1398654245,0.08103636848,0.01592991206,0.06477966804,0.004922249897,0.02665265562,0.05320216865,0.09154057231,0.02142404162,0.04110997756,0.09829385832,0.01751381447,0.01717579274,0.02762689346,0.05775269677,0.05560508442,0.06087658939,0.01382314826,0.01879033156,0.09207875191
c.muridarum,BACTERIA,0.07152365444,0.0476122665,0.03671531084,0.04535548222,0.01622160445,0.04190684341,0.06518360751,0.06305684372,0.02260808727,0.06755183793,0.1122634091,0.0597970442,0.02040702606,0.04904249194,0.04316680391,0.08254134342,0.05068322674,0.009732962672,0.03075294249,0.06387721112
c.neoformans,EUKARYA,0.08411731593,0.05968736353,0.03384220881,0.05381757822,0.01030174412,0.0384149734,0.06629630479,0.07123760544,0.0234288322,0.04806656988,0.08916131848,0.05202877915,0.02156799297,0.03429022722,0.06630970069,0.08983706717,0.05768780232,0.01374538325,0.02531884473,0.06084238772
c.neoformans_b3501a,EUKARYA,0.08380374733,0.0598092253,0.03396722306,0.05385213115,0.01028965536,0.03855709665,0.0661020184,0.07080350763,0.02353698312,0.04803391752,0.08926013317,0.0519575054,0.02151029306,0.03423362374,0.06657602985,0.09022661667,0.0578793824,0.01379432958,0.02534527005,0.06046131056
c.novyi,BACTERIA,0.0539394682,0.03323258315,0.06600906752,0.05560593065,0.01250799875,0.0224713747,0.07431278847,0.06302604528,0.01367887922,0.100799194,0.08723059538,0.0997413171,0.02619640839,0.04281338071,0.02777301257,0.06023907746,0.04749554112,0.006015058068,0.04053152528,0.06638075399
c.ochracea,BACTERIA,0.06969050317,0.03887694461,0.05523059122,0.04998845609,0.008132782963,0.03867008847,0.06632208436,0.06367165657,0.0188078947,0.07165230017,0.09337353015,0.07610571283,0.02150236283,0.0492971562,0.03701657385,0.05803716204,0.06304708446,0.01085661132,0.04463288372,0.06508762026
c.parvum,EUKARYA,0.03415253387,0.03981636898,0.08126236198,0.0517626887,0.01711259333,0.036237889,0.07054453484,0.0469614403,0.01841902253,0.08873327004,0.09609497877,0.0776992932,0.01908918944,0.04889004155,0.03453737347,0.09965892819,0.04746472597,0.008823570854,0.03656240478,0.04617679021
c.parvum_ncib8327,BACTERIA,0.08995867425,0.05783338244,0.03439027523,0.05397731995,0.01073562854,0.03241993608,0.06899208993,0.07579459517,0.02090010048,0.06288313199,0.100212295,0.05170629254,0.0270574103,0.04323866942,0.04440666954,0.0638547026,0.05132703248,0.01107258071,0.02862582444,0.07061338894
c.perfringens,BACTERIA,0.0544631364,0.03335583844,0.0639643407,0.0553263513,0.01120660856,0.01968573838,0.08141319609,0.06661238965,0.0129061724,0.09566850679,0.09338022806,0.09299475997,0.02520610862,0.0459115853,0.02725609799,0.06206036197,0.04614753849,0.006941929817,0.04012372357,0.06537538751
c.perfringens_atcc13124,BACTERIA,0.0542063785,0.03309999155,0.06462003389,0.05543164524,0.0112464365,0.01963873533,0.08115891109,0.06641568341,0.01294090701,0.09532619669,0.09294237466,0.09331484685,0.02487447131,0.04631663917,0.0273427945,0.06221508657,0.04628661902,0.007115886662,0.04030482679,0.06520153525
c.perfringens_sm101,BACTERIA,0.05372442984,0.03407453043,0.06450075362,0.05443558355,0.01152677475,0.01976905886,0.08032614193,0.06524866928,0.01314937143,0.09692606664,0.09404468986,0.0949054267,0.02486882954,0.04636062972,0.0270555321,0.06214798842,0.04538326875,0.006703352564,0.04048125204,0.06436764999
c.phaeobacteroides,BACTERIA,0.08244494423,0.05746806252,0.03819369128,0.05357163244,0.01147922779,0.03339193771,0.06637630861,0.07315538913,0.02158962474,0.06588996838,0.1022467549,0.05493817999,0.02511730389,0.04448414828,0.04120306417,0.06787186191,0.05222563447,0.01062641992,0.0310607012,0.06666514448
c.phaeobacteroides_bs1,BACTERIA,0.07928065883,0.05707147711,0.03722548161,0.05513880407,0.0111906935,0.03204077821,0.07015113,0.07335547275,0.02152300994,0.06573207774,0.09977573575,0.05719069615,0.02599107447,0.04468461929,0.04099015383,0.06671232314,0.05044554803,0.0106581818,0.03155595413,0.06928612966
c.phytofermentans,BACTERIA,0.06325535545,0.03709800948,0.05263241706,0.05358407583,0.01328227488,0.03082691943,0.07311241706,0.06535052133,0.01651184834,0.08443298578,0.09246559242,0.07425592417,0.02847317536,0.04318331754,0.03107033175,0.06416606635,0.05741345972,0.008511848341,0.04368151659,0.06669194313
c.pinensis,BACTERIA,0.08102980555,0.04481619158,0.05113967666,0.05360953188,0.008373066246,0.04091598878,0.05477348235,0.06961161536,0.02039782218,0.0661141752,0.0951946804,0.05956564975,0.0237279724,0.04523758338,0.0411913279,0.06201389512,0.06188721678,0.01282953603,0.04227219228,0.06529859018
c.pneumoniae,BACTERIA,0.0698208214,0.0456219047,0.03807856016,0.04512748556,0.0159595184,0.04039321513,0.06618587398,0.06231614651,0.02383707923,0.06927668413,0.1133628512,0.06150408379,0.01933758884,0.04741728147,0.04477393444,0.08029753536,0.05273712093,0.01010935226,0.03259851785,0.06124444469
c.pneumoniae_ar39,BACTERIA,0.06958974542,0.04564792868,0.03821846736,0.0450299513,0.01602621323,0.04020423466,0.06602195605,0.06230859867,0.02379075561,0.06926290405,0.1133727557,0.06181147021,0.01952259188,0.0476474288,0.04461796639,0.0803123395,0.05282745248,0.01007715104,0.0326319519,0.06107813706
c.pneumoniae_j138,BACTERIA,0.06984038589,0.04546558892,0.03861367489,0.04518987445,0.01593957212,0.04033620786,0.06561731378,0.06273459616,0.02383155757,0.06910059756,0.1130074443,0.06127139858,0.01924268606,0.0474720259,0.0446493649,0.08065603665,0.05336303406,0.01007313258,0.03265988027,0.0609356275
c.pneumoniae_tw183,BACTERIA,0.06944534985,0.04565406345,0.0387874837,0.04502933507,0.01604737071,0.04010756193,0.06527596697,0.06255704042,0.0237396784,0.06929595828,0.1130622555,0.06137548892,0.01942362017,0.04781073446,0.04451597132,0.08086429813,0.05338983051,0.01004182964,0.03273576706,0.06084039548
c.proteolyticus,BACTERIA,0.07644021418,0.04644957773,0.03699057281,0.05054272234,0.007831746984,0.03268606649,0.07131980618,0.07262888519,0.0169453005,0.0630744266,0.1069353915,0.0597744566,0.02586567395,0.04367460296,0.04314278961,0.0611517168,0.0520767993,0.0119635276,0.03387923746,0.08662648521
c.psychrerythraea,BACTERIA,0.0812387207,0.03757837232,0.05064962805,0.05549894093,0.01013508375,0.04509933718,0.05908979991,0.06369310919,0.02152200839,0.07158241815,0.1031687512,0.0605076271,0.02423862878,0.04364381589,0.03506477103,0.07206450585,0.05630771082,0.01126789064,0.03149308975,0.06615579038
c.rodentium,BACTERIA,0.09875799213,0.058725102,0.03809164008,0.05141828906,0.01122722299,0.04369185237,0.05678450556,0.07462112943,0.02202632518,0.05787866468,0.106925622,0.04268854636,0.02712717214,0.038055691,0.04444286123,0.05979638444,0.05413930724,0.01526855266,0.02825531948,0.07007781994
c.ruddii,BACTERIA,0.01478276546,0.01856859564,0.1177613525,0.02620034854,0.01632514072,0.01476273461,0.03327123771,0.03697694449,0.01053622579,0.1552190373,0.1013360575,0.1479879014,0.01237906376,0.0899385053,0.01620495563,0.06343769405,0.03176892414,0.004627125774,0.05572581776,0.03218957194
c.saccharolyticus,BACTERIA,0.05765402424,0.04082365238,0.05023186192,0.05163370861,0.01129806311,0.02867157724,0.07582289573,0.05959901319,0.01391406152,0.09330316137,0.09432609887,0.09150598219,0.02209052293,0.05023303502,0.03245949602,0.05881538676,0.04562395081,0.00863748714,0.04302906808,0.07032695288
c.salexigens,BACTERIA,0.1151187406,0.07470073874,0.02440829748,0.06111076759,0.009549807767,0.03749358921,0.06203919586,0.08126611791,0.02551040822,0.04569758518,0.1125807942,0.02504846741,0.02512757932,0.03443186737,0.04902937871,0.05367970407,0.05220931375,0.01495215093,0.02394271934,0.07210277637
c.taiwanensis,BACTERIA,0.1356206497,0.07448692259,0.02533695423,0.05240719258,0.009650390213,0.03892585952,0.05099873444,0.08454229066,0.02320449272,0.04217359207,0.1049108838,0.02865323771,0.02478801941,0.03419320818,0.05488240877,0.05039654081,0.05084053997,0.01424963088,0.02380985024,0.07592860156
c.tepidum,BACTERIA,0.09248159448,0.06049138536,0.03418077571,0.05170530847,0.01150523672,0.03133462651,0.06704562411,0.07579201681,0.02128183068,0.06283751393,0.09941203923,0.05271646131,0.02770114322,0.04362243521,0.04519551601,0.06294545489,0.05026080441,0.01089886249,0.02795670932,0.07063466111
c.testosteroni,BACTERIA,0.1244319076,0.06264483723,0.02799468496,0.04929891814,0.009645341918,0.048868739,0.05368493136,0.08126498582,0.02256626476,0.04459221415,0.1078810244,0.03634171513,0.02761309533,0.03393037965,0.04916545895,0.0589565694,0.04925227221,0.01573069231,0.02274831346,0.07338765425
c.tetani,BACTERIA,0.05218313828,0.03308321085,0.06557948726,0.05380396144,0.01131752048,0.02151151583,0.07636041704,0.06305616029,0.01346756696,0.1043982019,0.09011776754,0.0996695731,0.02608665756,0.04414041731,0.02748891517,0.06166740954,0.04677548284,0.006418214123,0.04137273898,0.06150164354
c.thalassium,BACTERIA,0.08115293631,0.0450514651,0.04307698471,0.05217983479,0.008992161113,0.03601186586,0.07161154707,0.06617619154,0.02031300732,0.06889703185,0.09929960236,0.06571129787,0.02329950116,0.04958022526,0.0381855864,0.06812431742,0.05272168365,0.009840776552,0.03469941092,0.06507457274
c.thermocellum,BACTERIA,0.06387678593,0.04360806445,0.05394544922,0.05701607071,0.01169680373,0.0256736515,0.07617049902,0.06687536664,0.01426501091,0.0848939831,0.08655092114,0.08083818049,0.0251188439,0.04238149993,0.03395085696,0.06045157409,0.05041919316,0.008843240189,0.0422813913,0.07114261362
c.trachomatis,BACTERIA,0.07531621863,0.04838601243,0.03502015284,0.04523583139,0.01628553958,0.04190317035,0.06608977376,0.06349983833,0.02302449394,0.06604815551,0.1122412065,0.05753562362,0.02051139219,0.04833478997,0.04371516473,0.08118439124,0.05118403908,0.009565793644,0.03067584829,0.06424256394
c.trachomatis_434bu,BACTERIA,0.07547126878,0.04839302142,0.0349644212,0.0452918632,0.01624694841,0.04178761942,0.06608652687,0.06355749008,0.02293361766,0.06603451583,0.112301586,0.05776801126,0.02041758363,0.04832150624,0.04364701408,0.0811924831,0.0510228296,0.009631794348,0.03067676114,0.06425313773
c.trachomatis_a,BACTERIA,0.07491192521,0.04844985207,0.03515380981,0.04523444858,0.01629898813,0.0418573236,0.06594431073,0.06331237296,0.0229581078,0.06627726672,0.1121903113,0.05771554143,0.0204213003,0.04844985207,0.04370602206,0.08131419312,0.05134815463,0.00962084241,0.03075244881,0.06408292824
c.trachomatis_jali20,BACTERIA,0.07495687832,0.04839392066,0.03503108016,0.04541608357,0.01610635597,0.04195007648,0.06623490741,0.0635532268,0.02316854883,0.06615029127,0.1119601653,0.05768216878,0.02043805123,0.04831255899,0.04371074299,0.08108503922,0.05130015947,0.009568132262,0.03076447424,0.06421713802
c.trachomatis_l2b,BACTERIA,0.0754935932,0.04838741134,0.03495946587,0.04527990326,0.01625265731,0.04178883247,0.06607030249,0.06357714486,0.0229259984,0.06602479505,0.1122896094,0.05776844514,0.02042308918,0.04834840496,0.04362538275,0.08118852432,0.05103009342,0.009634575253,0.03066876434,0.064263007
c.tropicalis,BACTERIA,0.0505528845,0.03821088394,0.06265341616,0.05979741057,0.0110117745,0.0427188539,0.06759807816,0.05093639392,0.02071710647,0.07062255042,0.09138392068,0.07220844943,0.01881706666,0.04491255424,0.04551507033,0.09058717242,0.05993185358,0.009852657727,0.03570700673,0.05626489567
c.urealyticum,EUKARYA,0.1196055895,0.0647626516,0.02871592929,0.05847648598,0.006659853469,0.03616562298,0.06646406369,0.08749815987,0.021051082,0.04689924017,0.09384377583,0.03466379418,0.02185224609,0.03119444224,0.05239698106,0.05742761213,0.0585458447,0.01409397683,0.02099304714,0.07868960129
c.violaceum,BACTERIA,0.124875723,0.0687075044,0.02867992384,0.05441868383,0.01030980927,0.04387426811,0.05378567556,0.08401199926,0.0219028014,0.0441689567,0.1148935044,0.03591123865,0.02455070718,0.03439559512,0.04959423097,0.05645718504,0.04248951781,0.01467577817,0.02481893102,0.06747796631
c.woesei,BACTERIA,0.1489886184,0.08729300632,0.01676244077,0.05999902304,0.007789000523,0.02650083168,0.05738338531,0.09581523143,0.01966361307,0.0364366292,0.1048561525,0.01462420477,0.01617022091,0.02828151997,0.05775805502,0.04854943903,0.05587262036,0.01320559648,0.01811608617,0.08593432503
caulobacter_k31,BACTERIA,0.1382951783,0.07185457274,0.02380263676,0.05897454663,0.007358023487,0.03152542491,0.05170713347,0.08952532965,0.01888005632,0.04408657236,0.1011879247,0.03272601179,0.02184754463,0.03526774772,0.05523338549,0.05187209074,0.05397529591,0.01429726461,0.02172034167,0.07586291819
chloroflexus_y-400-fl,BACTERIA,0.1126247822,0.07660938302,0.02712356368,0.05087829716,0.00872521421,0.04217478572,0.05355263867,0.0764847671,0.02169367028,0.05886421696,0.112255135,0.01775916785,0.02019827932,0.03363859565,0.05969732335,0.04984706547,0.06003266617,0.01598094077,0.02701855027,0.07484095719
cyanobacteria_cya,BACTERIA,0.1018518294,0.07337610944,0.02434050813,0.04269300681,0.0107029013,0.05661379759,0.06366677236,0.07737457008,0.01920205054,0.04688872807,0.1258123386,0.02892712007,0.01674899978,0.03442379326,0.06307135994,0.05552099797,0.04504803236,0.01807173509,0.026046873,0.06961847618
cyanobacteria_cyb,BACTERIA,0.09803644681,0.07168172937,0.02533497542,0.04372621374,0.01085950015,0.05775490078,0.06278068949,0.07767864584,0.02024668266,0.04815705648,0.1237256118,0.02928314798,0.01738422861,0.03461451205,0.06190910522,0.05729422277,0.04645208486,0.01799653681,0.02601210264,0.06907160649
cyanobacterium_ucyn-a,BACTERIA,0.0581408273,0.04213290735,0.05545259272,0.04627382254,0.01048153002,0.04138071864,0.06176218946,0.06213440656,0.01846868853,0.09233310328,0.1108741674,0.07027924037,0.01905027774,0.04333744323,0.03871574763,0.0713674584,0.0528057156,0.01236587907,0.03410697623,0.05853630797
cyanothece_atcc51142,BACTERIA,0.06561527778,0.04510633596,0.04926527883,0.05065222817,0.01001981991,0.05212554432,0.0662700144,0.06423594904,0.01899752267,0.07508196909,0.1107197086,0.05598855386,0.01992088546,0.04142304559,0.04522000992,0.06376347179,0.05760094597,0.0143070429,0.03291782008,0.06076857569
cyanothece_pcc7424,BACTERIA,0.06735871914,0.04750458807,0.04691299847,0.0485498992,0.01011126631,0.0547042391,0.06682080768,0.06414255106,0.01846245468,0.07393796389,0.1121347626,0.05504947429,0.01803980997,0.04085471418,0.04730795657,0.06434652798,0.05578966758,0.01478917487,0.03286684205,0.06031558226
cyanothece_pcc7425,BACTERIA,0.08886726441,0.05857046838,0.03382596863,0.04688653231,0.0108054584,0.06167230646,0.05901062293,0.0685780322,0.02074709062,0.0577005374,0.1208080774,0.0354657122,0.01844192616,0.03759994286,0.05431177471,0.06038969245,0.05522016579,0.01602809663,0.02923456452,0.06583576558
cyanothece_pcc8801,BACTERIA,0.06876984631,0.04743736232,0.04602004732,0.04872252328,0.01024713549,0.0555930487,0.0652863251,0.06454240177,0.01877329865,0.0739676579,0.1133428811,0.05320165445,0.01873469185,0.03997659834,0.04733639069,0.06342577434,0.05664137179,0.0145302629,0.03261606355,0.06083466415
cyanothece_pcc8802,BACTERIA,0.06882089523,0.04733493352,0.04588649976,0.04898332936,0.01024602714,0.0557156318,0.06527691796,0.06461062367,0.01878167757,0.07392841358,0.1132109998,0.05266233637,0.01875437648,0.03996290003,0.04748103127,0.06365139601,0.05688072447,0.01450204648,0.0325665169,0.0607427226
d.acetoxidans,BACTERIA,0.07483801792,0.04765191559,0.04754780767,0.05118010834,0.01276346681,0.03554998492,0.06704549926,0.07051712944,0.01752619913,0.07616928767,0.1008986071,0.0674561927,0.02540807025,0.03966101806,0.03805021445,0.06059244783,0.05106124497,0.009968128222,0.03586476791,0.07024989179
d.acidovorans,BACTERIA,0.1326745422,0.07024592581,0.02450796032,0.05078603623,0.009638395623,0.04727945557,0.05091766909,0.08506996336,0.02321390043,0.04084330147,0.1081502515,0.02880384328,0.02533982062,0.03215652236,0.05425500749,0.05607906285,0.05020012154,0.01542578777,0.0214244853,0.07298794718
d.alkenivorans,BACTERIA,0.09380905795,0.04996189554,0.03644938466,0.05861039006,0.01329787516,0.03423042231,0.06594033233,0.07953604767,0.01895524872,0.05909477783,0.0958356431,0.05667495885,0.02964357752,0.04199599559,0.0461196512,0.05824789419,0.04930632916,0.01198568247,0.03008556811,0.07021926761
d.ananassae,BACTERIA,0.07462306926,0.05575486061,0.0458740326,0.05171589784,0.01854764743,0.05138190643,0.06510567057,0.06249152982,0.02626024443,0.04806600387,0.09140294979,0.05617716576,0.02336189896,0.03566409689,0.05633859946,0.08217233333,0.05608396832,0.01022214499,0.02982318126,0.0589327984
d.audaxviator,BACTERIA,0.1026359284,0.0812110349,0.02572128123,0.04850024244,0.01160565106,0.03013175889,0.07089640181,0.08652972869,0.01983063646,0.05010050425,0.1094152739,0.03757612878,0.02072083838,0.03648326706,0.05059439368,0.04290533085,0.04894309163,0.01127088709,0.02685617609,0.08807144433
d.autotrophicum,BACTERIA,0.07984101636,0.05225087585,0.03916772197,0.05526262172,0.01337044474,0.03455904759,0.05973846915,0.07376643733,0.02076307579,0.07096685397,0.09934614282,0.06048494458,0.02918586697,0.04622437897,0.04393146129,0.05861274574,0.05603073411,0.01063997947,0.02795917104,0.06789801054
d.baculatum,BACTERIA,0.09736892743,0.06247328655,0.03026985054,0.05521063395,0.0132183683,0.0341514957,0.06279767936,0.08099688208,0.02181520338,0.05547116991,0.1092096906,0.04266063404,0.02764150253,0.04123449768,0.04629877173,0.05858823569,0.05099863602,0.01198295107,0.02507445709,0.07253712637
d.dadantii,BACTERIA,0.1006027806,0.06190574649,0.03504322393,0.05250031694,0.01111386124,0.04791833938,0.05325266075,0.07390325326,0.02412405146,0.05636390802,0.1121558235,0.03538958883,0.02646786277,0.0372346045,0.04609747116,0.06058442852,0.05271538011,0.01415191157,0.02810762516,0.07036716189
d.dadantii_ech586,BACTERIA,0.09879682624,0.06034732357,0.03551687631,0.05289987103,0.01063744228,0.04955049148,0.05285307769,0.07305171541,0.02461914608,0.05501361394,0.1120875971,0.03578374458,0.02595714315,0.0370859155,0.04607901055,0.06193829713,0.0541918059,0.01425880812,0.02792100114,0.07141029278
d.deserti,BACTERIA,0.1184648455,0.07362530472,0.02552956032,0.05058062037,0.006361836739,0.04073349105,0.05582749603,0.0877613854,0.02344097126,0.03692581121,0.114895492,0.02496607544,0.02090344178,0.03162443455,0.05639837088,0.05402526814,0.0612886807,0.01347560249,0.02329779068,0.07987352074
d.desulfuricans,BACTERIA,0.1085424627,0.07056347887,0.02811554014,0.05280446539,0.01540237982,0.03622956447,0.06040846533,0.08011930291,0.02379816587,0.04783440257,0.1025585926,0.0374707427,0.02914718038,0.0380315912,0.0486440217,0.05551775946,0.05300062861,0.01175463547,0.02592742852,0.07412919132
d.desulfuricans_atcc27774,BACTERIA,0.1128751571,0.06506062108,0.03006390128,0.05154419755,0.01605169193,0.03565526359,0.05862542129,0.08376276398,0.02230535399,0.04630839881,0.1079060311,0.03885283174,0.02912115703,0.03639518637,0.05221025325,0.05590235523,0.04891002239,0.0128128083,0.02463654893,0.07100003506
d.discoideum,BACTERIA,0.03023475689,0.02778813314,0.1134633358,0.05197359889,0.01431351224,0.05059199621,0.05812489808,0.04437407078,0.01762342367,0.08465783291,0.08573626483,0.07682447097,0.01571637255,0.04733073477,0.0394875287,0.09666624865,0.05968997258,0.0072661116,0.03562306443,0.04251367229
d.erecta,EUKARYA,0.07565845657,0.05648963939,0.04579924509,0.05138924052,0.01895587151,0.05230074683,0.06363725481,0.06148171193,0.02684076497,0.04801368783,0.09227947698,0.05514441588,0.02353825361,0.03536614298,0.05512025183,0.08314766375,0.0560398586,0.01016194305,0.02964393178,0.05899144208
d.fermentans,BACTERIA,0.08266639861,0.04893793852,0.04914330952,0.05402123161,0.007343336072,0.03764638095,0.05878949424,0.07349588585,0.01948860215,0.06329515132,0.09351018005,0.05940945495,0.02297942827,0.04783412949,0.04231797011,0.06304408887,0.05708592492,0.01337172056,0.03845680283,0.06716257111
d.geothermalis,BACTERIA,0.1250645141,0.07857511509,0.02430995685,0.04813786412,0.006034393774,0.03830694275,0.05770969673,0.08925349409,0.02166436136,0.03392514296,0.1205495572,0.02459588348,0.0170461818,0.03138277008,0.06014058919,0.04679803464,0.05967092632,0.01379570181,0.02333140651,0.07970746712
d.grimshawi,BACTERIA,0.07837279462,0.05429676639,0.05020334943,0.05175425799,0.01938298596,0.05771450931,0.06115841084,0.05711717625,0.02753381809,0.04944596347,0.09268896692,0.05373543512,0.02399094535,0.034096796,0.05149739129,0.08086945805,0.05878755142,0.009861254227,0.03034748604,0.05714468324
d.hafniense_dcb-2,BACTERIA,0.08265192436,0.04766184317,0.03750183376,0.04855988888,0.0116441968,0.03942347977,0.07147227953,0.07663587716,0.01908033247,0.07020814307,0.1050885292,0.0585071163,0.02705899612,0.0403710865,0.04110128555,0.05725289205,0.05166967777,0.01118757459,0.03385810746,0.06906493551
d.hansenii,BACTERIA,0.05152269561,0.04009374459,0.06668029674,0.06164130131,0.01166059337,0.03815145967,0.06561845924,0.05219697103,0.02085022034,0.07045162685,0.09625617096,0.0737744726,0.02000763422,0.04468873017,0.04251342613,0.08893482727,0.05476568843,0.009924136272,0.03609972117,0.05416782402
d.kamchatkensis,EUKARYA,0.06579456614,0.0619168067,0.03461767989,0.04552934038,0.007375982861,0.017306343,0.0713927224,0.07383224009,0.01668710002,0.08509846712,0.1068019346,0.05798661137,0.02339889485,0.0326201219,0.04489761267,0.06468092757,0.0478914527,0.01096909029,0.04546691669,0.08573518873
d.magneticus,ARCHAEA,0.1258056562,0.06723370813,0.02642246671,0.05474396282,0.01341030941,0.03026086119,0.05771318866,0.08301146119,0.01889400892,0.04597095441,0.1092368036,0.04099925769,0.02400232646,0.03850300013,0.05378631593,0.05180401288,0.04926611849,0.01123348433,0.02482400311,0.07287809975
d.melanogaster,BACTERIA,0.07334905863,0.0557179973,0.04680748813,0.05159814857,0.0192470825,0.05144632161,0.06385814066,0.06061944289,0.02642842822,0.04935069365,0.09189038842,0.05604452925,0.02359002673,0.03595595105,0.05472301078,0.08322349566,0.05683735714,0.01013344411,0.03004870387,0.05913029082
d.oleovorans,BACTERIA,0.09801323129,0.05916046207,0.03411816878,0.05925295837,0.01330822966,0.03061627606,0.05964455486,0.0782190226,0.02081512583,0.06017359913,0.09492454636,0.05000073478,0.0275422868,0.04333494986,0.04666395229,0.05282057533,0.05638643745,0.01154474876,0.02967488846,0.07378525125
d.persimilis,BACTERIA,0.07706155935,0.05705790788,0.04464679081,0.05185845304,0.01942642905,0.05247630925,0.06309731319,0.06172745361,0.02748332971,0.04783974368,0.09195189405,0.05382571278,0.02430874553,0.03488869821,0.05518541392,0.08175142197,0.05664141156,0.01046306097,0.02978609651,0.05852225493
d.radiodurans,BACTERIA,0.12183318,0.07411639167,0.02411241306,0.05055588314,0.006771797168,0.04132652957,0.05733074078,0.09186098943,0.0209917551,0.03278068069,0.1162151795,0.02735650992,0.01890451542,0.03151262647,0.06050444686,0.05205959345,0.05810911999,0.01387514512,0.02298207994,0.07680042275
d.reducens,BACTERIA,0.07717576361,0.04690379128,0.04311241316,0.04820995507,0.01159933501,0.03990955942,0.06872223151,0.07442431206,0.01840139564,0.07406299012,0.1014453878,0.06637614114,0.02716420331,0.0387525285,0.04023184658,0.05478981773,0.05281706,0.009438409623,0.03245691911,0.07400593929
d.rerio,BACTERIA,0.06258011798,0.05553686648,0.04019589519,0.05232143461,0.0235452725,0.04705899211,0.06992911555,0.05953540237,0.02679501296,0.04686939923,0.09418997716,0.05959086104,0.023672793,0.03756191823,0.0540376222,0.08731833754,0.05712160668,0.01149668629,0.02751301333,0.06312967554
d.salexigens,BACTERIA,0.0823983755,0.04810309626,0.03907323483,0.05646135433,0.01334900672,0.03128690753,0.07084505739,0.07518160582,0.01857944419,0.065979295,0.09818382314,0.06271304026,0.02967474305,0.04367241261,0.04159194519,0.0639565744,0.04938222775,0.01061829435,0.02942477054,0.06952479118
d.sechellia,BACTERIA,0.07450189109,0.05672170571,0.04614264798,0.05159196083,0.01929879816,0.05124159787,0.06352571801,0.06121525416,0.02676490267,0.04879199666,0.09177899838,0.0557831585,0.02393288373,0.03572792349,0.05478106164,0.08267907985,0.05610188661,0.01030414249,0.02982760407,0.05928678811
d.simulans,BACTERIA,0.07428187354,0.05658088045,0.04609992881,0.05142829871,0.01935753801,0.05096870414,0.06326814854,0.06116903106,0.02664439486,0.04911791727,0.09253202566,0.05531854645,0.02420785956,0.03635203767,0.05454507853,0.08233233508,0.05567680431,0.01058610637,0.03008204773,0.05945044325
d.turgidum,BACTERIA,0.05223635359,0.04462219363,0.0472231739,0.04847996476,0.006914971718,0.02178845361,0.08217559414,0.0667934528,0.01376876446,0.097347979,0.1042384791,0.085751942,0.01973808408,0.05068065975,0.04014913685,0.05613957196,0.04215231117,0.01116254029,0.04333918321,0.06529718996
d.virilis,BACTERIA,0.08100289149,0.05525045601,0.04885852919,0.05073664509,0.01963207014,0.0568807928,0.06217790098,0.05735616367,0.02700432839,0.04835522786,0.09392321723,0.05372465104,0.02333451508,0.03399606872,0.05291964545,0.07964370138,0.0576898082,0.009898582018,0.03080342378,0.05681138147
d.vulgaris_dp4,BACTERIA,0.1141700312,0.07553466537,0.02418823358,0.05759531386,0.01442608901,0.02940408449,0.05952076919,0.08608497447,0.024412057,0.04461259896,0.1045982322,0.03107989061,0.02759436692,0.03611209153,0.05214033537,0.05125078075,0.05471239169,0.01183107645,0.02262912172,0.07810289564
d.vulgaris_miyazaki_f,BACTERIA,0.1256261278,0.07533922772,0.02399675208,0.05761457957,0.01303229881,0.03009112234,0.05656983039,0.08953175749,0.02297094912,0.04023818116,0.105250812,0.02942710213,0.02688379646,0.03366203537,0.05759563335,0.04893089137,0.05246391195,0.01179628293,0.02164922411,0.07732948394
d.zeae,BACTERIA,0.09921408812,0.06196314899,0.03602606474,0.05297139033,0.01044758829,0.04892045031,0.053324833,0.07376031274,0.02385258415,0.0546330874,0.1120966677,0.03689971009,0.0256448853,0.03696021593,0.04621982363,0.06069326415,0.05340452362,0.01437456511,0.02838683304,0.07020596337
dehalococcoides_bav1,BACTERIA,0.08443913449,0.0505540045,0.03990382092,0.04997912954,0.01320212854,0.03315028981,0.06520331828,0.07595597957,0.01855346462,0.07260170913,0.1037649311,0.0590496567,0.02634926903,0.03823918298,0.04365300547,0.06340370969,0.05279851632,0.01020028144,0.03135568014,0.06764278769
dehalococcoides_cbdb1,BACTERIA,0.08420603819,0.04995975817,0.03967174161,0.04991424657,0.01359120045,0.03324742021,0.06484444615,0.07569536931,0.01876754592,0.07314911516,0.1040107695,0.05865965948,0.02652128506,0.03870641666,0.04410073873,0.06284672652,0.05317910491,0.01061617913,0.03099100308,0.06732123523
diaphorobacter,BACTERIA,0.1348604678,0.07034353883,0.02391310124,0.05057876418,0.009463923552,0.04535438789,0.05172212234,0.08359179191,0.02415488031,0.0403700194,0.1082160602,0.03043847918,0.02476154207,0.03298380169,0.05455793398,0.049354813,0.0513138434,0.015120491,0.02161575726,0.07728428082
e.canis,BACTERIA,0.05443428764,0.03468297961,0.06580913732,0.05529731668,0.01676243539,0.03306480015,0.05611275221,0.05495781628,0.02095066456,0.09604370988,0.0957391114,0.07442673613,0.02384117727,0.04473472962,0.0296571046,0.08107396349,0.04863739771,0.006272825056,0.0389537042,0.06854735079
e.carotovora,BACTERIA,0.09513750112,0.05634538125,0.03815941418,0.05303871606,0.01022009861,0.04712585657,0.05537799844,0.0720807374,0.02294336074,0.05954279234,0.1095410636,0.04135889971,0.02607922997,0.03779154595,0.04412759219,0.063622534,0.05537661547,0.01384830276,0.02856303201,0.0697193276
e.chaffeensis,BACTERIA,0.05370320946,0.0353262355,0.06495448363,0.05431416747,0.01667593822,0.03325540939,0.05498943686,0.05506017936,0.022251734,0.09748639011,0.09549595321,0.07235993788,0.02458302116,0.0454006116,0.03021669716,0.0803088232,0.04865155135,0.006524388479,0.03962866615,0.06881316582
e.coli,BACTERIA,0.09550148194,0.05526476672,0.03893406584,0.05133093309,0.01157462217,0.04446747069,0.05777261421,0.07369752192,0.02268558947,0.06010992199,0.1071408178,0.04393910209,0.02826771995,0.03897822345,0.04442331308,0.05766145886,0.05372838656,0.01528614509,0.02830426418,0.07093158083
e.coli_0127,BACTERIA,0.09521445135,0.05598855145,0.03941531626,0.05179353617,0.01150565115,0.04453095077,0.05847046289,0.07325677755,0.02220210447,0.06001573827,0.1051908439,0.04526981386,0.02808724295,0.03828160363,0.04393902465,0.05888063287,0.05395302196,0.01532461925,0.02832192425,0.0703577323
e.coli_536,BACTERIA,0.0944888834,0.0553264359,0.03953257276,0.05124533611,0.01170165265,0.04464002367,0.05703817846,0.07333827297,0.02295332186,0.06006931689,0.1069585633,0.04381366519,0.02799549739,0.03900481441,0.04415115277,0.05918671049,0.05436813784,0.01520569035,0.02874894188,0.07023283171
e.coli_55989,BACTERIA,0.09430545065,0.05643771037,0.03942932424,0.05163691295,0.01169242699,0.0445011182,0.05797179221,0.07316302588,0.02264497979,0.05932677486,0.1056846218,0.04455142696,0.02805484862,0.03847949482,0.04422810932,0.05923890222,0.05430461888,0.01560779021,0.02879874751,0.06994192357
e.coli_apec,BACTERIA,0.09401626933,0.05631138128,0.04008998015,0.0516206581,0.011903388,0.04424213415,0.05734374399,0.07289161831,0.02244963211,0.05971937645,0.1045133233,0.04479142426,0.02807622961,0.03896302098,0.04413051032,0.06026172949,0.05468369151,0.01529498645,0.02870624204,0.06999066018
e.coli_atcc8739,BACTERIA,0.09551994801,0.05548719261,0.03917123522,0.05158756412,0.01139456007,0.04489975639,0.0580092709,0.07358573228,0.02250684732,0.05966321324,0.1070233007,0.04383755787,0.02811260922,0.03854420731,0.04422274266,0.05819304227,0.053770768,0.0152265607,0.02845442396,0.07078946711
e.coli_b_rel606,BACTERIA,0.09525520345,0.05531370711,0.03938571161,0.0513519595,0.01164072755,0.04423176449,0.05758709919,0.07385186574,0.02264016501,0.06006900431,0.1063933996,0.04411625727,0.02825651603,0.03881192575,0.04433977124,0.05809188074,0.05392912057,0.01533995875,0.02859328708,0.07080067504
e.coli_bl21,BACTERIA,0.09579379227,0.05543550728,0.03896262532,0.05121542964,0.01159398361,0.04438134686,0.05755618496,0.07395420093,0.02265129628,0.05978167501,0.1066974326,0.04396446151,0.02847744642,0.03880343659,0.04440577682,0.05782806671,0.05373171497,0.01528527094,0.02838209079,0.07109826043
e.coli_bl21_de3,BACTERIA,0.09566432392,0.05527156671,0.03903520995,0.05121114136,0.01162313939,0.04437912065,0.05753694506,0.07376719363,0.02265149288,0.0600260362,0.1069622017,0.04407752832,0.02849093123,0.03882295003,0.04436079605,0.05789122061,0.05370481364,0.0153292892,0.02827485369,0.07091924579
e.coli_bw2952,BACTERIA,0.09552884589,0.05537482412,0.03898859347,0.05142780403,0.01149606263,0.04454097175,0.05794416904,0.07376929614,0.02257457776,0.05994546413,0.1069562177,0.0440369819,0.0282913509,0.03893302338,0.04434107378,0.05761615114,0.05373859366,0.01530338568,0.02825893501,0.07093367787
e.coli_cft073,BACTERIA,0.09348341482,0.0563240002,0.04006176519,0.05098439068,0.01234601027,0.04481234384,0.05623839267,0.07291205488,0.02340918543,0.05962627844,0.1053847771,0.04396968472,0.02809651673,0.0401729272,0.04358253428,0.05958028037,0.05508652429,0.01520939025,0.02870535232,0.07001417635
e.coli_dh10b,BACTERIA,0.09550670941,0.05536744854,0.03892581645,0.05135783967,0.0115508498,0.04450735236,0.05781361062,0.07360457748,0.0225535681,0.06000613661,0.1071608639,0.04405944182,0.02833862963,0.03897361414,0.0444017349,0.05766790478,0.05369144591,0.01543325516,0.02839799126,0.0706812095
e.coli_e24377a,BACTERIA,0.09406181716,0.05664106649,0.03970606439,0.05173743044,0.01182752441,0.04457068125,0.05815339655,0.07266651777,0.02280671776,0.05941008364,0.1058207216,0.04474357663,0.02793774152,0.03908646653,0.04399144807,0.05875819403,0.05391106853,0.01530225073,0.02892936719,0.0699378653
e.coli_ed1a,BACTERIA,0.09511659586,0.0565072635,0.03918489102,0.05134800662,0.01172893398,0.04436558896,0.05827548154,0.07393617128,0.02256136333,0.05903261923,0.1048850122,0.04496593885,0.02836050207,0.03824952444,0.04420679106,0.05890866306,0.05431692444,0.01532969327,0.02832164013,0.07039839514
e.coli_hs,BACTERIA,0.09547226769,0.05543166828,0.03929602733,0.05154775861,0.01151015547,0.04473724621,0.05764441065,0.07361900232,0.02269072169,0.05985715302,0.1066588264,0.04423162634,0.02828250293,0.03872299147,0.04415522156,0.05826313956,0.05355600583,0.01517758493,0.02838137971,0.07076430998
e.coli_iai1,BACTERIA,0.09534296787,0.05512301237,0.03952083935,0.05178125173,0.01150516282,0.04449630103,0.05765630604,0.07386355352,0.02237754897,0.05974636445,0.1062255601,0.0439633981,0.02816147761,0.03893544803,0.0443432099,0.0583430291,0.05394493968,0.01529526176,0.02868417446,0.07069019313
e.coli_iai39,BACTERIA,0.09478422549,0.05617347974,0.03969472277,0.05132610818,0.01162256707,0.04421174589,0.05780487193,0.0730524535,0.02262649394,0.05960042084,0.1055934706,0.04507662117,0.02828990077,0.03849135905,0.04369010739,0.05883254726,0.0542904258,0.01562337836,0.029014361,0.07020073925
e.coli_j,BACTERIA,0.09515141288,0.05534906572,0.03928641294,0.05142169373,0.01159396051,0.0444898075,0.05771743529,0.07371438299,0.02274963825,0.06002756627,0.106816305,0.04399851268,0.0282397459,0.03891383525,0.04430986517,0.05790857735,0.05388862092,0.01531003093,0.02840624855,0.07070688216
e.coli_lf82,BACTERIA,0.09574722675,0.05472344865,0.03933209807,0.05161307889,0.01139967356,0.04485710642,0.05763534515,0.07381414018,0.02229922316,0.06008867527,0.1066317296,0.04407611055,0.02812874824,0.0386657438,0.04437561172,0.05825870882,0.05416743691,0.01521007356,0.02819824971,0.07077757095
e.coli_o103_h2,BACTERIA,0.0947172769,0.05684917702,0.0396352992,0.05240238655,0.01164419278,0.04449029864,0.05888446343,0.07332917446,0.02217188925,0.05879808692,0.1041451125,0.04500727802,0.02772365916,0.03795767551,0.04425868164,0.05922165171,0.05441975783,0.01552857623,0.02869939376,0.07011596846
e.coli_o111_h-,BACTERIA,0.09421263971,0.05678215214,0.04009171417,0.05239647058,0.01172082714,0.04443950244,0.05909674838,0.07281908629,0.02210669257,0.05907003673,0.1035045696,0.04550051435,0.02778260934,0.03806411295,0.04403323676,0.05987449248,0.05431598277,0.01529025012,0.02893555906,0.06996280246
e.coli_o157,BACTERIA,0.09375917827,0.05610491443,0.0409757611,0.05227939819,0.01161696275,0.04423348955,0.05832026788,0.07304902658,0.02226635624,0.05918359964,0.1038855448,0.04516304278,0.02773330652,0.03817483817,0.04377668403,0.06031426993,0.05512201612,0.01537257855,0.02892529298,0.06974347151
e.coli_o157_ec4115,BACTERIA,0.09440807105,0.05642233629,0.04041923945,0.05217051386,0.01154980227,0.04435998383,0.05885837522,0.07298740102,0.0221866443,0.05911876846,0.103791731,0.045598594,0.02781139167,0.03826133344,0.04385883772,0.05966933227,0.05459261446,0.01525676294,0.0288485297,0.06982973703
e.coli_o157_tw14359,BACTERIA,0.09435181409,0.05637427222,0.04061216933,0.05214398126,0.01158060134,0.04428888828,0.05857855218,0.07312092014,0.02214475689,0.05908583681,0.1037237569,0.04535349795,0.02760291435,0.0380676146,0.04378285466,0.06014794447,0.05499941203,0.01529172307,0.02880826267,0.06994022673
e.coli_o157j,BACTERIA,0.09406677447,0.05643781609,0.04071702641,0.05223606981,0.01167519571,0.04428729276,0.05846467304,0.07319170944,0.02220048582,0.05900745846,0.1036282925,0.04527979683,0.02759523573,0.03800434853,0.04387192763,0.06013800116,0.0551323828,0.01531666751,0.02888817683,0.06986066842
e.coli_o26_h11,BACTERIA,0.09492418046,0.0571041101,0.04000085139,0.05217333135,0.0117254989,0.04449073046,0.05917968334,0.07306954356,0.02212221739,0.05866519903,0.1034076984,0.04527461969,0.02769701374,0.03770026728,0.04415199788,0.05987904145,0.05476095636,0.01535364715,0.02868462902,0.06963478303
e.coli_s88,BACTERIA,0.09512612513,0.05578886105,0.03946007206,0.0516787984,0.01163939306,0.04458864,0.0577230867,0.07337776668,0.0224291418,0.05956186919,0.1054746996,0.04457729361,0.02820245162,0.03839017429,0.0441207683,0.05909333006,0.05449136807,0.01545578446,0.02840868893,0.07041168705
e.coli_se11,BACTERIA,0.09476954161,0.05616377732,0.03978196216,0.05196212985,0.01163487552,0.0443155266,0.05796890517,0.07321930492,0.02219497225,0.05938284516,0.1049107907,0.04449860779,0.02803578908,0.03871772042,0.04411137132,0.05933213562,0.05464314973,0.01543084668,0.02886558153,0.07006016654
e.coli_secec,BACTERIA,0.09471803833,0.05505107757,0.04021986569,0.05166883375,0.01160769675,0.04442353047,0.05743465338,0.07284324087,0.02249383934,0.06015552766,0.1062417411,0.0445987934,0.02809233248,0.03906775995,0.04381374776,0.05904376547,0.05430835958,0.01519628787,0.0288105798,0.07021032874
e.coli_umn026,BACTERIA,0.09444840837,0.05525291082,0.04034734643,0.05179608435,0.01163495349,0.04435706035,0.05757004681,0.07300546168,0.02235930646,0.05966065252,0.1053525777,0.04489203017,0.02807055714,0.03868868404,0.04395263341,0.05967089118,0.05500014398,0.01525815813,0.02853385636,0.07014823655
e.coli_uti89,BACTERIA,0.09432980753,0.05630567276,0.03983970098,0.05121861935,0.01217912902,0.0448182186,0.05660238008,0.07287118921,0.02295435717,0.05969404466,0.105157698,0.04392231663,0.02818141533,0.03947234906,0.04389791213,0.05961762005,0.05490112967,0.01520336011,0.02848582934,0.07034725032
e.cuniculi,EUKARYA,0.05047221796,0.06710377635,0.03895763291,0.05461545973,0.02046649833,0.02279619994,0.08102757976,0.06522606476,0.01929327735,0.06678152421,0.0952010937,0.07084664425,0.03007268111,0.04783142447,0.03389227571,0.07990736995,0.04090370102,0.007888899739,0.03623174253,0.07048393622
e.dispar,EUKARYA,0.03337079961,0.03455053696,0.06612470077,0.04932484673,0.02314762935,0.04108104486,0.07798429908,0.04436854206,0.01793088147,0.09750233554,0.08816974027,0.08881958127,0.02281482516,0.04838387246,0.03527133114,0.0740863793,0.05614141982,0.007787392747,0.0406404031,0.05249943829
e.eligens,BACTERIA,0.07223505021,0.0388368895,0.05325728374,0.06278410616,0.01508812398,0.0271983134,0.06971238592,0.06791231728,0.01565546079,0.08262805352,0.08058634142,0.07414718538,0.03226815653,0.04028324815,0.02822792464,0.06079025582,0.0543791164,0.007730255862,0.04449508191,0.07178444937
e.faecalis,BACTERIA,0.07331340437,0.0376193109,0.04709442103,0.04928827346,0.006641948083,0.04525146005,0.07465657932,0.06483786629,0.01707081656,0.0723731819,0.0979778449,0.07086757649,0.02592431782,0.04600842764,0.03555040498,0.05773361613,0.06244722312,0.009484481123,0.03674676779,0.06911207806
e.fergusonii,BACTERIA,0.09528498509,0.05534521449,0.03929009529,0.0515830567,0.01151611253,0.04477163986,0.05786179793,0.07313207448,0.02237019575,0.06015237575,0.1068846688,0.04429056038,0.02800507532,0.03849725886,0.04429855415,0.05866190141,0.05430384457,0.01527463679,0.02809446017,0.07038149167
e.histolytica,EUKARYA,0.03553532591,0.03438176009,0.06499015491,0.05031231683,0.0223014925,0.0424804122,0.07851471966,0.04441286893,0.01848015949,0.09263127661,0.08819484499,0.08810914651,0.02330150303,0.04794990529,0.03591058578,0.07389928645,0.0566595612,0.007850916242,0.03911916007,0.05496460331
e.ictaluri,BACTERIA,0.1045512217,0.06598715379,0.03331265824,0.05212761746,0.01306395389,0.04916774912,0.05048932091,0.07585652368,0.02407013945,0.0558962651,0.1144347311,0.03383110652,0.02724210026,0.03585965322,0.04609382217,0.05820288861,0.05035735226,0.01410085044,0.02857121311,0.06678367887
e.lenta,BACTERIA,0.1231483847,0.06068150882,0.02753259034,0.06188065017,0.01595201147,0.02808640681,0.06515874801,0.08290470544,0.01710730504,0.04740993095,0.09389810539,0.03676445356,0.02660797419,0.03921325652,0.04363711581,0.05740150455,0.0507719115,0.01133655646,0.02828181537,0.08222506491
e.litoralis,BACTERIA,0.1230181495,0.06904542437,0.02628859223,0.06345896423,0.008121853587,0.03220486839,0.06606311411,0.08794592307,0.01914007189,0.05085934797,0.09627082299,0.03331249154,0.02489627448,0.03695121087,0.05079703746,0.05342911964,0.05231290193,0.0143206757,0.02216320628,0.06939994972
e.minutum,BACTERIA,0.08378119604,0.03708809282,0.04982459976,0.04882462607,0.01189239959,0.02882515237,0.06441935739,0.06946375905,0.01503199309,0.07542716487,0.09083161779,0.08840455616,0.02446696747,0.04948857621,0.03704558382,0.06145587262,0.05346215585,0.008378322028,0.03550109005,0.06638691694
e.rectale,BACTERIA,0.07262602234,0.04092819948,0.04933693823,0.06326901681,0.01520706725,0.03087425171,0.07058546049,0.06603165336,0.01735589197,0.07830305678,0.08363886985,0.07396384213,0.0313778674,0.04137768374,0.02982158858,0.06087370072,0.05413530346,0.008820524321,0.0438019988,0.06767106259
e.ruminantium,BACTERIA,0.05160454742,0.03486672743,0.06586399322,0.05459138805,0.01634128012,0.03327417214,0.05468092931,0.05409571321,0.02256119985,0.1002990039,0.09568762892,0.07235893254,0.02363889289,0.04385603044,0.03093650565,0.08158488032,0.05089781104,0.006296669385,0.04013687021,0.066426824
e.ruminantium_gardel,BACTERIA,0.05102373971,0.03473682889,0.06617420841,0.05423842681,0.01659770577,0.03314204271,0.05401553347,0.05351951729,0.02262524408,0.1006096604,0.09599168702,0.07242150073,0.02417294012,0.04439972625,0.03055836352,0.08120852143,0.05104571511,0.006341472603,0.04084912946,0.06632803622
e.ruminantium_welgevonden,BACTERIA,0.05115040524,0.03472411941,0.06608510518,0.05405193231,0.01649222962,0.03313204774,0.05418067972,0.05357462483,0.02256847949,0.100868888,0.09587600054,0.07253817675,0.02425161641,0.04435191378,0.03062932364,0.08111715073,0.0507798639,0.006374567048,0.0407658273,0.06648704832
e.sakazakii,BACTERIA,0.1039432459,0.06114194492,0.03593083281,0.05252439352,0.01046981768,0.04407021156,0.05683242324,0.0746382001,0.02296496882,0.05355086086,0.1079416943,0.03990466386,0.02695670337,0.0394056038,0.04585086384,0.05594843792,0.05396338734,0.01543057918,0.02735580223,0.07117536478
e.sibiricum,BACTERIA,0.08153302562,0.05273298774,0.03262313158,0.05358306519,0.005812996489,0.04280940452,0.07097470287,0.0693478305,0.02154732135,0.06728239032,0.1044140892,0.05352669401,0.02635691077,0.0437609501,0.03803927493,0.05632270473,0.06327439914,0.009728538927,0.03291287946,0.07341670256
e.tarda,BACTERIA,0.1095623744,0.0671188838,0.03173449769,0.05189080511,0.012520515,0.04928784133,0.04957016848,0.07565904877,0.02364327918,0.05515839479,0.116368773,0.03198257532,0.02684329547,0.03609159248,0.04705699398,0.05741053238,0.0493257935,0.01397565692,0.02888901025,0.06590996818
e.tasmaniensis,BACTERIA,0.09734367467,0.05941186162,0.03775659025,0.05273421665,0.01043926874,0.04714888097,0.05428506919,0.07411837215,0.02284434549,0.05687156692,0.1101201192,0.04254078289,0.02665130053,0.0380651916,0.04398528128,0.06377586825,0.05141873803,0.01429504207,0.02767822817,0.06851560137
enterobacter_638,BACTERIA,0.09741257506,0.05554279995,0.03824988226,0.0528957671,0.01028199694,0.04388172613,0.05627428471,0.07473434004,0.02257079359,0.05764232309,0.1069549923,0.04308989756,0.02822324267,0.03880180737,0.04406570117,0.05977569763,0.05548760744,0.01521179206,0.02705168963,0.07185108325
exiguobacterium_at1b,BACTERIA,0.07875710346,0.05337528048,0.03378354961,0.05556766716,0.005484879687,0.0376406297,0.07655353683,0.06941961566,0.02252758371,0.06624563004,0.1008106576,0.04978316502,0.02852226877,0.04359842094,0.03754001022,0.05718987679,0.061022361,0.01112516057,0.03363262039,0.07741998236
f.alni,BACTERIA,0.1475187625,0.08913269645,0.01503826646,0.06169577296,0.00765329175,0.02523477741,0.04760982346,0.1002986707,0.02185648514,0.03216931315,0.1009919389,0.01221838875,0.01514253474,0.02553831396,0.06924294278,0.05109887182,0.05964748053,0.01416287632,0.01751892469,0.08622986753
f.bacterium,BACTERIA,0.07054333114,0.03764368748,0.05914081163,0.05441958726,0.007273399846,0.03528968092,0.06465831475,0.06574884431,0.01767786862,0.07306788306,0.09141231986,0.0741620157,0.02462338898,0.05439916985,0.03570883821,0.06435925983,0.05717113267,0.01031078892,0.03920621938,0.06318345758
f.johnsoniae,BACTERIA,0.06447647933,0.03158693641,0.06546770355,0.05435966294,0.007769864184,0.03443289146,0.06409954287,0.06200915611,0.01629981764,0.07958445439,0.09086372701,0.08165110603,0.02053484289,0.05315425743,0.03400000791,0.06724840339,0.05912138202,0.01079326759,0.04217619491,0.06037030193
f.magna,BACTERIA,0.05099298243,0.03371884153,0.06486390477,0.06661662098,0.0100873342,0.02632760712,0.07402461175,0.05702192403,0.01330120579,0.09231251299,0.0884133059,0.09772314457,0.02653035919,0.04626936198,0.02664765377,0.06272411644,0.05026743165,0.005484359605,0.04166973867,0.06500298263
f.nodosum,BACTERIA,0.0555542248,0.03931572749,0.05095315089,0.04993911811,0.006718965207,0.02437271693,0.07849372218,0.06342295946,0.01444797094,0.09242269996,0.0941234006,0.0868535042,0.02269596982,0.05166576841,0.03403397409,0.06023514382,0.04832225483,0.008832864243,0.04319021099,0.07440565303
f.nucleatum,BACTERIA,0.05467963145,0.03197312958,0.06387787076,0.05398642179,0.007721671661,0.0216744588,0.0788347239,0.06337117491,0.01180010693,0.09948335675,0.09342476655,0.1011759696,0.02387532174,0.04903448019,0.02550265471,0.05979166408,0.04849048158,0.006214018378,0.044250401,0.06083769568
f.philomiragia,BACTERIA,0.06727683922,0.03329531836,0.05863326504,0.0567985593,0.0112401902,0.03484169018,0.05621866986,0.05875890775,0.01770917901,0.09177716782,0.09553517352,0.07964942462,0.02310215075,0.04900548962,0.03077118852,0.07044367985,0.05096100566,0.009059161609,0.04147337019,0.06344956895
f.psychrophilum,BACTERIA,0.06311490487,0.02986219171,0.06853501633,0.05009222019,0.008083559948,0.03485600227,0.06310247627,0.06030977037,0.0164542205,0.0880056575,0.09112399266,0.0852589374,0.02142938816,0.05400971419,0.03231932548,0.06390784941,0.06117107219,0.009173547967,0.03984111281,0.05934903977
f.succinogenes,BACTERIA,0.08123947033,0.04428625871,0.04867746491,0.06001372629,0.01389700798,0.02896920034,0.06564909322,0.0693436384,0.01777089164,0.0614173948,0.08689897898,0.06990924438,0.02578766669,0.04848864218,0.0379240536,0.06765026927,0.05260997846,0.01288650461,0.03720928628,0.06937122893
f.tularensis,BACTERIA,0.06925330961,0.03324505017,0.05828701151,0.0560470611,0.01109510028,0.03750558478,0.05593033412,0.05711169162,0.01767004907,0.09313605133,0.09661572272,0.07987143932,0.02296703872,0.04932519733,0.03081189649,0.06738970307,0.05094327471,0.008816911726,0.04167153029,0.06230604203
f.tularensis_fsc147,BACTERIA,0.07054621914,0.03314066617,0.05804089079,0.05586537888,0.01093277558,0.03745414308,0.05585875296,0.05826617223,0.01739967798,0.09284908132,0.09696157185,0.07982030493,0.02302508796,0.04906055432,0.03050133954,0.06669213967,0.05114551193,0.008516521743,0.04025690918,0.06366630077
f.tularensis_fsc198,BACTERIA,0.06922470022,0.03324520143,0.05825137468,0.05604305816,0.01110983966,0.03750122963,0.05592661965,0.05712513325,0.01767255484,0.09307451864,0.09661786287,0.07989086901,0.02296649181,0.0493418213,0.03079798521,0.06739380507,0.05094987724,0.008819213157,0.04170104614,0.06234679804
f.tularensis_fta,BACTERIA,0.06903376504,0.03393814261,0.05789067551,0.05599908236,0.01140378319,0.03706020981,0.05619303844,0.05726709629,0.01775219504,0.0926922355,0.09592692236,0.08042712048,0.02299318025,0.04970906588,0.03102880143,0.06701495339,0.05089574339,0.008951177293,0.04166301696,0.06215979478
f.tularensis_lvs,BACTERIA,0.06891927563,0.03347315,0.05833572569,0.05578087639,0.01139085148,0.03704146139,0.05533194737,0.05695425741,0.01776256086,0.09338687085,0.09619219557,0.07966852468,0.02285684559,0.05001608823,0.03091444723,0.0676264371,0.05111625335,0.00904216272,0.0420779441,0.06211212436
f.tularensis_osu18,BACTERIA,0.0692106383,0.03330212766,0.05821489362,0.05579148936,0.01115319149,0.03732553191,0.05626170213,0.05729787234,0.0173106383,0.09303404255,0.09657446809,0.08045106383,0.02308297872,0.04915531915,0.03094893617,0.06707021277,0.05096382979,0.008746808511,0.04144468085,0.06265957447
f.tularensis_u112,BACTERIA,0.07063007951,0.0325123985,0.05882290827,0.05540342195,0.01096593889,0.03782905736,0.05477513754,0.05820518326,0.01727694143,0.09278194483,0.09745448018,0.07908816045,0.02256720179,0.04930888714,0.030861612,0.06695540765,0.05138028982,0.009102204451,0.04107431355,0.06300443143
f.tularensis_wy96-3418,BACTERIA,0.06939933136,0.03298448814,0.05840516217,0.05576505633,0.01112488711,0.03728827658,0.05600272527,0.05746438927,0.01731814365,0.09297410993,0.09646388224,0.08014394816,0.02270728693,0.04962725587,0.03096034098,0.06763067831,0.05090868759,0.008787809168,0.04153462836,0.06250891259
frankia_cci3,BACTERIA,0.1368425581,0.09107606912,0.01638093028,0.06044166982,0.008356021256,0.02535746107,0.0494243666,0.09535641168,0.02296015638,0.03506204769,0.1014858987,0.01482313849,0.01615671255,0.0261161513,0.06712453144,0.05254777174,0.06065480703,0.01444444517,0.01848101612,0.08690783543
frankia_ean1pec,BACTERIA,0.1400316551,0.0881552188,0.01670982661,0.06127563865,0.007986258237,0.02588114769,0.05062849582,0.09684554614,0.02229311863,0.03356543317,0.100486841,0.01409219541,0.0163265535,0.02630406974,0.0669558503,0.05272067841,0.06098968567,0.01457999755,0.01835826144,0.08581352822
g.aurantiaca,BACTERIA,0.1275460516,0.08105607317,0.02467940435,0.05527673931,0.006924204153,0.03458651593,0.05020734587,0.08464035051,0.02079303369,0.04233320259,0.09915702585,0.02261474793,0.02267953251,0.03227257971,0.05403738211,0.05877933175,0.06333044854,0.01437583929,0.02110850643,0.08360168468
g.bemidjiensis,BACTERIA,0.1007228905,0.05990070746,0.03138669396,0.04995421993,0.01309414809,0.0340375921,0.06659838369,0.08152148666,0.01975585962,0.05395154656,0.10537957,0.05012580153,0.02512583899,0.03958439791,0.04633227487,0.05941143767,0.05085333745,0.01005213383,0.02754221731,0.07466946192
g.bethesdensis,BACTERIA,0.1205088088,0.07285161481,0.02652146355,0.05406093247,0.00944199975,0.03502180834,0.05112325985,0.08770600975,0.02438001655,0.05209036494,0.1047394209,0.02642935831,0.02605003012,0.0336147795,0.05538555135,0.05971207415,0.05572367456,0.01373701286,0.02114178997,0.06976002947
g.bronchialis,BACTERIA,0.1284093175,0.07561836111,0.02096956608,0.06784587812,0.007644559787,0.02748118545,0.05099675141,0.08865144009,0.02243248279,0.04563775296,0.0940648879,0.02065795827,0.01990485137,0.02929179087,0.05684185805,0.05599822088,0.06447657759,0.01463310312,0.02052347489,0.08791998174
g.diazotrophicus,BACTERIA,0.1295416807,0.08304071685,0.02256265222,0.05871067218,0.009998797238,0.03177547768,0.04566404175,0.08934686664,0.02409450371,0.04728192415,0.1017110965,0.02140081721,0.02584185012,0.03337080829,0.05885099445,0.05179729445,0.05567620301,0.01424187551,0.02103414175,0.07405758559
g.diazotrophicus_j,BACTERIA,0.1313660659,0.08100210405,0.02256694416,0.05935345034,0.009392002858,0.03180212322,0.0460791873,0.08946187657,0.02353315299,0.04750105638,0.1025740884,0.02121651703,0.02556663487,0.03324751587,0.0583044734,0.05114023968,0.05578919397,0.01427706408,0.02106404945,0.07476225948
g.forsetii,BACTERIA,0.06215499965,0.03706677149,0.05958366639,0.05787995017,0.00691554698,0.03278646903,0.0757383281,0.06530240963,0.01708181252,0.07874303214,0.09214513281,0.07740352247,0.02336350002,0.05250002408,0.03398414826,0.06636263591,0.05207715926,0.0103790112,0.03903576316,0.05949611674
g.kaustophilus,BACTERIA,0.09212901572,0.06093296329,0.03095450535,0.0485864566,0.008672033284,0.03664515747,0.07416284217,0.07229947895,0.02320528052,0.0637092759,0.09942570948,0.05640568079,0.02657510882,0.04166342139,0.04280312927,0.0492716616,0.04975574167,0.01296959957,0.03368940989,0.07614352826
g.lamblia,EUKARYA,0.0802094457,0.05435763815,0.04046708812,0.05418749021,0.02547876354,0.03931378412,0.058573605,0.05481717996,0.0243656828,0.05684008942,0.1038596529,0.05125724375,0.02320419176,0.03440405507,0.0459769624,0.08907849586,0.06292341207,0.006849700283,0.03283143252,0.0610040864
g.lovleyi,BACTERIA,0.09646787523,0.06025785167,0.03254002774,0.05097699687,0.01345473644,0.04191361723,0.06195087523,0.07557056453,0.02097363216,0.05829318933,0.1100941298,0.04730700106,0.02455335527,0.03826413794,0.04515522802,0.05918853044,0.05531829335,0.01083108335,0.02759226281,0.06929661149
g.metallireducens,BACTERIA,0.09801831496,0.0665785404,0.03126803568,0.05235723999,0.01254602065,0.02862342205,0.06638781116,0.08379288621,0.02050132891,0.05756059782,0.1000469805,0.04721580724,0.02441581946,0.0402339612,0.04704489403,0.05426205537,0.0552247839,0.0104694664,0.02750133965,0.07595069443
g.obscurus,BACTERIA,0.1433877001,0.08496408025,0.01386148801,0.06226579343,0.006951454728,0.02718850568,0.05590492842,0.09637101327,0.02064725693,0.02576280608,0.1075421113,0.01255337187,0.01542882225,0.02503058172,0.06388123,0.04727456877,0.05984865136,0.0148402368,0.01739233262,0.09890306646
g.oxydans,BACTERIA,0.1123122585,0.0725525952,0.02730158949,0.05595791694,0.01027141871,0.0356552324,0.05356213352,0.08322503473,0.02427267577,0.04941288943,0.1030152399,0.03031096924,0.02542058351,0.03492443228,0.0559165509,0.06088851966,0.05905002878,0.01389094762,0.02188033952,0.07017864386
g.sulfurreducens,BACTERIA,0.1027160889,0.07041952751,0.02919002428,0.05352822643,0.01244987578,0.02793246995,0.06491124619,0.08467268875,0.0207052674,0.05566369605,0.1014128372,0.04095619827,0.02393132048,0.03932955042,0.04725978823,0.05494484249,0.05594842533,0.01007625296,0.02623551857,0.07771615478
g.thermodenitrificans,BACTERIA,0.08761993789,0.05760606556,0.03262689399,0.04820436979,0.008477870039,0.03693708418,0.07431365827,0.07135382825,0.02288735903,0.06661311733,0.09972434714,0.05679584946,0.0271736314,0.04248801119,0.04165786358,0.05054831599,0.05156581984,0.01262262865,0.0342672577,0.07651609071
g.uraniumreducens,BACTERIA,0.09260263636,0.05756664163,0.03736243006,0.05245090938,0.01274924288,0.03054280122,0.0640049318,0.07962364704,0.02001623721,0.06208880609,0.09900521814,0.05453008095,0.02466843412,0.04111450603,0.04381082638,0.05962021095,0.05600962105,0.01045986343,0.0297053384,0.07206761687
g.vaginalis,BACTERIA,0.09522266143,0.05055241057,0.04807559648,0.06010708772,0.01119493688,0.03491409988,0.06019687497,0.06750687091,0.02117008114,0.06250944409,0.08764330373,0.05798504276,0.02523678649,0.03638792471,0.03914286027,0.07085089842,0.05580386961,0.01192418452,0.02866841131,0.07490665411
g.violaceus,BACTERIA,0.1116373111,0.07414604265,0.0271196064,0.04937916667,0.01028281163,0.04186227606,0.06145776824,0.0832427372,0.01872865874,0.04435658927,0.1141735213,0.02894284606,0.0173648408,0.03732873719,0.0564843114,0.0548777801,0.05173767598,0.0150547297,0.0263842427,0.07543834683
geobacillus_wch70,BACTERIA,0.07514469533,0.05142725514,0.03762240035,0.04706567451,0.008809273418,0.04016486172,0.07661506037,0.06508679567,0.0237820243,0.07565168064,0.09724860902,0.07041067963,0.02672598359,0.04419383415,0.03793778612,0.05164468833,0.05130562172,0.01107509949,0.03651155356,0.07157642292
geobacillus_y412mc10,BACTERIA,0.08075634237,0.05133442897,0.03720045468,0.05237353955,0.00722595923,0.03829970355,0.06874199594,0.07590485927,0.02206384713,0.06598894442,0.1003510695,0.05073896142,0.03017167014,0.04130119517,0.04189222629,0.06329800292,0.05276542424,0.01382342416,0.03611057162,0.06965737941
geobacillus_y412mc61,BACTERIA,0.09289376465,0.06088620235,0.0303449215,0.04893887008,0.008416810729,0.0362949061,0.07427712127,0.07263520181,0.02327598456,0.06330665214,0.09976338204,0.05572856229,0.02670980652,0.04169528185,0.04285172994,0.04859450115,0.0497302279,0.01330408664,0.03377578327,0.07657620322
geobacter_frc-32,BACTERIA,0.09252721057,0.05574988746,0.03678898562,0.0519844531,0.01285052633,0.03253294852,0.06368427886,0.08022793201,0.02044048507,0.06313303109,0.09946717899,0.05410080914,0.02554710758,0.04110022524,0.04354779645,0.06026638718,0.05566747242,0.01010439498,0.02917803437,0.07110085502
geobacter_m21,BACTERIA,0.1007617878,0.06115379858,0.03120483083,0.05040650883,0.01297286062,0.03386731909,0.06761022284,0.08154108158,0.01981204501,0.05345468464,0.1052173207,0.050254283,0.02506749532,0.03916741255,0.04591731064,0.05895091522,0.05024330517,0.01013472718,0.02761142308,0.07465066734
h.acinonychis,BACTERIA,0.06681489046,0.03415179581,0.05776203618,0.04693394346,0.01123743168,0.03598304906,0.06811184864,0.05826401501,0.02209999504,0.07351727734,0.1128547515,0.08888472369,0.02348743868,0.05446578034,0.03270833737,0.06797827487,0.04400178386,0.006984615318,0.03683835204,0.05691965969
h.arsenicoxydans,BACTERIA,0.1120261269,0.05834275506,0.03413115649,0.05261174372,0.009393740372,0.04042897115,0.05526482311,0.07455712868,0.02266813416,0.05882758683,0.1036870206,0.04506936093,0.0275034563,0.03823373289,0.04519731653,0.05880359515,0.05404324699,0.01276057208,0.02524723921,0.0712022928
h.aurantiacus,BACTERIA,0.1067762411,0.05882018851,0.03692305196,0.05028313995,0.008161793678,0.05534603825,0.05162087289,0.07104690534,0.02253760536,0.05986481696,0.1112904559,0.0262582068,0.02092451647,0.03436168384,0.05163253622,0.05878773403,0.06103216391,0.01747166445,0.02907819653,0.06778218787
h.baltica,BACTERIA,0.1014631678,0.05203251569,0.03853154474,0.0607595996,0.008840249764,0.03438815315,0.06558293725,0.07596376411,0.01909364617,0.06252650839,0.0943346704,0.04908735072,0.02578849969,0.04087189055,0.04423738581,0.06685058494,0.05397535457,0.01281151515,0.02554505047,0.06731561099
h.butylicus,ARCHAEA,0.1006073838,0.0781061721,0.02166083442,0.04187657571,0.009215247733,0.01999119605,0.07681448117,0.07620531883,0.0178946994,0.061718816,0.1113788856,0.04507356636,0.02107835073,0.02712106323,0.05062050076,0.05301713213,0.04400197422,0.0124033455,0.03906642537,0.09214803089
h.chejuensis,BACTERIA,0.09727762416,0.05929015004,0.03612804648,0.05730890108,0.01047757732,0.04228143934,0.06418141743,0.07294358068,0.02165114153,0.05361932067,0.1054306808,0.04467064805,0.02444925434,0.03896912727,0.04445297508,0.06480563362,0.04897311243,0.01392257075,0.03098180424,0.06818499464
h.cicadicola,BACTERIA,0.1511390488,0.0784372204,0.02149624905,0.03542178072,0.03071875932,0.02282685999,0.03744063869,0.07426185506,0.01842207896,0.02225332079,0.118539081,0.0514120535,0.01736676684,0.03138406479,0.03432058547,0.07747367455,0.04223542637,0.01608203905,0.01892679346,0.09984170318
h.defensa,BACTERIA,0.07070370383,0.05085299004,0.04723136599,0.04936772696,0.0109564058,0.04616577608,0.05992000304,0.06233096497,0.02645495335,0.07324764862,0.1059648856,0.06978145908,0.02566051031,0.04324706142,0.03954944717,0.06717188639,0.05196348325,0.01201854161,0.0300178577,0.05739332875
h.ducreyi,BACTERIA,0.08611152172,0.04554681368,0.04800976018,0.0489112444,0.01066791028,0.05127217537,0.06036404973,0.06245016333,0.0221498629,0.07276622411,0.1061565335,0.06182557842,0.02463571085,0.04312342422,0.03650698806,0.05750136888,0.05439301797,0.01100935004,0.03195792796,0.06464037442
h.halophila,BACTERIA,0.1196798016,0.08709500315,0.02010308899,0.06065240676,0.009052762643,0.03859587203,0.07489025655,0.08891119297,0.02449527815,0.04093167352,0.1071895136,0.01760919811,0.01982735167,0.03055904823,0.05380431719,0.04522092074,0.04810206938,0.01433588972,0.02377591012,0.07516844487
h.hepaticus,BACTERIA,0.07046193243,0.03634214697,0.05287286337,0.04920892168,0.01355801689,0.04010279094,0.06450937027,0.05988198741,0.02258714397,0.08568895893,0.1028536125,0.07560685154,0.02426868906,0.05129876526,0.03293965957,0.06981545983,0.04593357986,0.008040614955,0.0395118326,0.05451680202
h.influenzae,BACTERIA,0.08266933236,0.04458638212,0.04871084041,0.0500785565,0.01031211436,0.04644616604,0.0650517543,0.06673912075,0.02050024313,0.07090813636,0.1051300977,0.06306992206,0.02423530916,0.0444100901,0.03716080738,0.05837009312,0.05215918975,0.01126137907,0.03123274615,0.06696771919
h.influenzae_nt,BACTERIA,0.08166795261,0.04515454806,0.04968793355,0.05068408298,0.01030199628,0.04681177847,0.06524416528,0.06586358911,0.02052248943,0.07100915371,0.1039980005,0.06349456465,0.0241068162,0.04471080876,0.03709117122,0.05906985,0.05201348967,0.01145390726,0.03153627976,0.06557742254
h.influenzae_pittee,BACTERIA,0.08186472425,0.04476170656,0.04926742976,0.05009365245,0.01045369407,0.04699063476,0.06529240375,0.06629344433,0.02060978148,0.07108636837,0.1048949011,0.06337773153,0.02397502601,0.04460770031,0.03698855359,0.05843912591,0.05191050989,0.01122788762,0.0312528616,0.06661186264
h.influenzae_pittgg,BACTERIA,0.08185661866,0.04475641085,0.04904583141,0.05049750507,0.01052569208,0.04637102747,0.06563850363,0.06551576738,0.02057525214,0.07146424354,0.1042221272,0.06452541275,0.02439488909,0.04503574164,0.03698805226,0.05810080456,0.05120641276,0.01147372386,0.03143741086,0.06636857275
h.lacusprofundi,ARCHAEA,0.110349846,0.0667523211,0.02459948801,0.08827154393,0.007157571212,0.02364023588,0.08481339155,0.08544804826,0.01975090451,0.04227104396,0.08672511322,0.02000379825,0.01664447791,0.03273569019,0.04646656086,0.05532365555,0.0629463187,0.01122809465,0.02698986681,0.08788202943
h.marismortui,ARCHAEA,0.1041050041,0.06122108125,0.0258770975,0.0832318203,0.007598935734,0.03125576464,0.08088691089,0.08270001944,0.02008711563,0.04384282626,0.08812937385,0.02002645709,0.01877838695,0.03256947895,0.04592100431,0.05952845882,0.06913411187,0.0114744345,0.02719330463,0.08643841331
h.modesticaldum,BACTERIA,0.0992586706,0.06754725549,0.03013793495,0.05196912074,0.01135834705,0.03669977862,0.06833286031,0.07994437191,0.01924618266,0.05960492706,0.1007742521,0.04931259579,0.0255264801,0.03700970653,0.04690128853,0.05217460408,0.05117329852,0.0113186127,0.02762445365,0.07408525856
h.mukohataei,ARCHAEA,0.1108072163,0.06658843287,0.0215800097,0.08656308512,0.007365450914,0.02735574992,0.0829038298,0.08478561333,0.0197295197,0.03924624347,0.08899354832,0.01677228229,0.01697673327,0.03158037479,0.04613707604,0.05596845613,0.06675846098,0.0115003677,0.02662139538,0.09176615397
h.neapolitanus,BACTERIA,0.1069048755,0.06172167887,0.03343044074,0.05637485825,0.008219307686,0.04383893573,0.05430919051,0.07550725152,0.02416647285,0.05749441862,0.1055487883,0.03741591799,0.02545554412,0.03789816994,0.05002936875,0.05875983722,0.05466660885,0.01390646415,0.02397987945,0.07037199102
h.neptunium,BACTERIA,0.1273568993,0.06671900233,0.02612147856,0.05714695855,0.008311501884,0.03059034631,0.06195226987,0.08747084156,0.01836712722,0.05191727974,0.09796698367,0.03399246366,0.02568634488,0.03761618518,0.0534308272,0.05587654764,0.05383814821,0.01379418626,0.02321729769,0.06862731025
h.ochraceum,BACTERIA,0.1356429088,0.0834341534,0.02000940666,0.06321454414,0.01147141823,0.03227568741,0.06703219971,0.08556765557,0.02236939219,0.03714001447,0.1036638929,0.0210459479,0.01869826339,0.03115014472,0.05548408104,0.05842474674,0.04614182344,0.01277568741,0.02202785818,0.07243017366
h.orenii,BACTERIA,0.0582373806,0.04738474891,0.05200180046,0.05507309658,0.007317743709,0.02662688402,0.07471106367,0.07361677124,0.01579446708,0.08793286543,0.09913992928,0.07879714082,0.02343295168,0.04140387477,0.03658871855,0.05390198805,0.0483294521,0.008726038769,0.03938913686,0.07159394743
h.parasuis,BACTERIA,0.08347621107,0.04558453548,0.04624564063,0.05016552671,0.01016198746,0.04934081473,0.06618230141,0.06574657302,0.02097840223,0.06914725783,0.1044612911,0.06301033227,0.02411030439,0.04381324113,0.03766796829,0.05704369137,0.05183999252,0.01144580023,0.03212203066,0.06745609744
h.pylori,BACTERIA,0.06839195539,0.03451707605,0.05859147514,0.04773795183,0.01098714809,0.03721549888,0.06862131136,0.05762219687,0.02125032908,0.0719320149,0.1118539142,0.0893690517,0.02286379845,0.05413399175,0.03284576908,0.06826830261,0.04390471556,0.007062169428,0.03697617091,0.05585515871
h.pylori_b38,BACTERIA,0.06974852071,0.03429263045,0.05671283844,0.04686211225,0.01081226466,0.03622467276,0.06798457952,0.05941366326,0.02149453111,0.07223865878,0.1132172315,0.08789671867,0.02304778555,0.05395149722,0.03329298906,0.06821543841,0.04366594944,0.007004213735,0.03662139143,0.05730231307
h.pylori_g27,BACTERIA,0.06861650993,0.03417554859,0.05896760711,0.04732706374,0.01085684431,0.03659979101,0.06853918495,0.05831138976,0.02118913271,0.07217136886,0.1119895507,0.08895088819,0.02298223615,0.05442842215,0.03286102403,0.06782236155,0.04401671891,0.007001044932,0.03695297806,0.05624033438
h.pylori_hpag1,BACTERIA,0.06900968518,0.03427297854,0.05834598201,0.04699792242,0.01088228865,0.03689191867,0.06837435727,0.05859725318,0.02132944919,0.07187581076,0.1121670402,0.08881925023,0.02297803318,0.05409275787,0.03308812264,0.06799030052,0.04401739695,0.007080535473,0.03696137574,0.05622754136
h.pylori_j99,BACTERIA,0.06864666159,0.0345095626,0.0588492494,0.04761258927,0.01077715341,0.03682936309,0.06881872358,0.05849297987,0.02129722596,0.07152110897,0.1119192402,0.08846010591,0.02273242539,0.05375216596,0.03320796424,0.06797865622,0.04407620929,0.006981668313,0.03683746012,0.05669948665
h.pylori_p12,BACTERIA,0.06821937884,0.03437551024,0.05931089686,0.04743557579,0.01088172865,0.03709345344,0.0689979252,0.05788123882,0.02104663712,0.07201454349,0.1120828007,0.08938548598,0.02281479358,0.05398850698,0.0329637727,0.06802822679,0.04393112154,0.00700293498,0.03687044272,0.05567502559
h.pylori_shi470,BACTERIA,0.06905966535,0.03422529975,0.05801457138,0.04729291236,0.01106819647,0.03641373632,0.06872362902,0.05810908159,0.02105897648,0.07233601952,0.1124314538,0.08980360777,0.0229953858,0.05430557043,0.03302817035,0.06824477726,0.04310715988,0.006892945127,0.03656915313,0.05631968816
h.salinarum,ARCHAEA,0.1239311717,0.06493881902,0.0224837853,0.08912989054,0.007522125036,0.02805859747,0.0707923718,0.08164518901,0.02210438836,0.03797711746,0.08637345564,0.01774390448,0.01681993099,0.03142542269,0.04593541993,0.05422150071,0.06846953339,0.01110445804,0.02644809618,0.09287482224
h.somnus,BACTERIA,0.07966266106,0.04298137615,0.05046008472,0.05007512626,0.01015306763,0.04827752283,0.06338247913,0.06723036797,0.02061478037,0.07428680932,0.103565699,0.06663512381,0.02325691823,0.04317131161,0.03494134047,0.05960242439,0.05365337458,0.0109145053,0.03196681556,0.06516821159
h.somnus_2336,BACTERIA,0.07907565531,0.04223089142,0.0514436039,0.05020357736,0.009825878973,0.04814802417,0.06306485871,0.06821058846,0.02060878456,0.07425248462,0.1019408317,0.06775717998,0.02298233228,0.04283492888,0.03461575914,0.06093323028,0.05441358156,0.01073726044,0.03205658781,0.06466396042
h.thermophilus,BACTERIA,0.06280691337,0.05404374387,0.03153481425,0.04776017346,0.009984974853,0.02619953755,0.08023428433,0.06939818439,0.01779985065,0.07017733272,0.110065049,0.07794542363,0.02353639774,0.04748846123,0.04038075702,0.05889137808,0.04219097232,0.01028367837,0.04230253628,0.0769755369
h.turkmenica,ARCHAEA,0.1056502955,0.0656564286,0.02384435025,0.08631619511,0.007702296374,0.02427854999,0.09242755649,0.08321234538,0.01984089293,0.04373544752,0.08837457326,0.01713460735,0.0175287793,0.03230649617,0.0465367143,0.05616034454,0.06465166326,0.01166979652,0.0273912194,0.08558144773
h.utahensis,ARCHAEA,0.1051703336,0.06316055016,0.02392458376,0.08502204576,0.006190361287,0.02704279729,0.08559238379,0.08489920372,0.01975124487,0.04569394784,0.08847368767,0.01789764626,0.0175159585,0.03288327813,0.04647487222,0.05674753768,0.0673766644,0.01178406125,0.0265974949,0.08780134688
h.walsbyi,ARCHAEA,0.09352423886,0.05808565351,0.03442902949,0.0780761294,0.007629448554,0.03426394489,0.07431727991,0.07474776977,0.02108765358,0.0618584717,0.08185910664,0.02347122131,0.01821518143,0.03209244738,0.04365979872,0.06830185085,0.07883043906,0.01014127433,0.02749928569,0.07790977491
halobacterium,ARCHAEA,0.1241976323,0.06550493728,0.02233270812,0.08894024404,0.00755951388,0.02778467184,0.07000755409,0.082484685,0.02243171144,0.03776502036,0.08565143507,0.01791688875,0.01727133284,0.03138947771,0.04676618535,0.05394867288,0.06806953017,0.01104226086,0.02594700746,0.09298853053
hydrogenobaculum_y04aas1,BACTERIA,0.06152461167,0.03364145653,0.05037297167,0.05390500019,0.008611093651,0.02555550374,0.06993092066,0.06051690893,0.01703362321,0.09316485571,0.09677190436,0.09210849126,0.0233555893,0.05192811856,0.03648613851,0.06243296344,0.04529796168,0.007652052611,0.04555140805,0.06415842628
i.hospitalis,ARCHAEA,0.0858907542,0.05823853671,0.02607366575,0.04427962917,0.01032072162,0.01534703082,0.0869882235,0.07367075921,0.01455274367,0.04920320722,0.1099198196,0.07381859183,0.02190929592,0.03549736908,0.05030819344,0.05437985467,0.04215985968,0.0135705337,0.0360435981,0.09782761213
i.loihiensis,BACTERIA,0.08781295262,0.0521909557,0.0402510518,0.05777869738,0.008451157551,0.04836770352,0.06972664781,0.06898636688,0.0215106789,0.05724762627,0.103531278,0.0499758604,0.02465342437,0.03953720946,0.0400257489,0.06485159896,0.05089891257,0.01360553601,0.02981240086,0.07078419201
j.denitrificans,BACTERIA,0.1175604509,0.06524998053,0.02544462075,0.06262411417,0.006340773694,0.03444168094,0.0521863562,0.0815490908,0.02709582587,0.04827189277,0.09479645277,0.02269585702,0.02019532163,0.02939315474,0.05374751772,0.05941539794,0.07423000545,0.01478540417,0.02125150884,0.0887245931
jannaschia_ccs1,BACTERIA,0.1256928155,0.06534800091,0.02535866714,0.06447948633,0.0091280656,0.03168308031,0.05551111292,0.08796930294,0.02114716238,0.05239636203,0.09868600449,0.02556355523,0.02859846002,0.03750807877,0.05253345627,0.05059756515,0.05873734703,0.01419075985,0.0217023187,0.07316839842
k.cryptofilum,ARCHAEA,0.06973757619,0.06993757829,0.0282213497,0.04932262445,0.00845061527,0.01532437184,0.08156927968,0.07787450394,0.01367803872,0.08199244203,0.1087716713,0.05564479626,0.02655396373,0.03839619364,0.04487836714,0.07327445552,0.03741723597,0.01136011958,0.03465299635,0.07294182044
k.flavida,BACTERIA,0.1320204715,0.07554156326,0.01987705254,0.06051991313,0.00685200406,0.03206424534,0.05342934372,0.09082258129,0.020641878,0.03450699519,0.1056437303,0.02161738455,0.01624103333,0.02828703439,0.05913632261,0.05256625942,0.06340881116,0.01612816846,0.02164482621,0.08905038155
k.koreensis,BACTERIA,0.0807898893,0.04441661713,0.04262503825,0.05778076374,0.008896924417,0.04579430376,0.06798971484,0.06817731472,0.02235721597,0.06621806845,0.1019523285,0.05744308395,0.02498009682,0.04186056873,0.03941004527,0.06548408391,0.0508337056,0.01300536184,0.03242312215,0.06756175261
k.lactis,EUKARYA,0.05590033081,0.04364741549,0.05547048806,0.06024070395,0.01253614814,0.04191925588,0.06650498294,0.050949549,0.02195993115,0.06338143231,0.09725152313,0.07045226568,0.02085456414,0.04410881733,0.04317562712,0.08865267068,0.05844662979,0.01094860623,0.03350176831,0.06009728987
k.olearia,BACTERIA,0.06273195135,0.04917405674,0.04136759183,0.05047439287,0.007506957614,0.02159121406,0.07850649649,0.06838997036,0.01577157972,0.08252315621,0.1012216043,0.07827964196,0.02407326957,0.05050108164,0.03828652173,0.06004231653,0.04860914446,0.0101269051,0.03811749286,0.07270465467
k.pneumoniae,BACTERIA,0.1039888416,0.05972081692,0.03414797766,0.05188323184,0.0106605488,0.04518903974,0.05489830536,0.07569866808,0.02275481726,0.05578163974,0.1105335463,0.03860356571,0.02735618637,0.03832991736,0.04620271227,0.05836987126,0.05194253261,0.0158468953,0.0273271537,0.07076373214
k.pneumoniae_342,BACTERIA,0.1037090844,0.05946015421,0.03444291037,0.05079286797,0.01105816149,0.04517771339,0.05388571023,0.07543848222,0.02324458811,0.05664298085,0.1111259737,0.03840928574,0.02723538984,0.03857212813,0.04634319964,0.05842901293,0.05240442606,0.01584921725,0.02739939539,0.07037931809
k.pneumoniae_ntuh-k2044,BACTERIA,0.1048705139,0.05990062427,0.03382764611,0.05033445975,0.01100176275,0.04542212232,0.05392986994,0.07596931746,0.02307541317,0.05607877701,0.1118002581,0.03783808402,0.02757528872,0.03851098059,0.04689364257,0.05738030908,0.05169949684,0.01597311493,0.02716667565,0.07075164279
k.radiotolerans,BACTERIA,0.1463398262,0.08448801064,0.01437098335,0.06031463251,0.00645146999,0.02736857085,0.05374770597,0.09543355946,0.0222139732,0.02398206933,0.1075363587,0.01336610867,0.01367220276,0.02543601627,0.06168802836,0.05086330617,0.06166587682,0.01468848885,0.01594172935,0.1004310825
k.rhizophila,BACTERIA,0.1279930519,0.0757037755,0.02003864236,0.05861932244,0.006971987438,0.03214364384,0.06032109659,0.09060940381,0.02443908794,0.03449239425,0.09755244095,0.02110350991,0.02071456892,0.02864191626,0.05768158446,0.05695027471,0.06115813787,0.01458088147,0.01944075573,0.09084352363
k.sedentarius,BACTERIA,0.1327738229,0.07561786037,0.01682911369,0.06141555817,0.006974008071,0.03144022027,0.06327951148,0.09502146831,0.02401847406,0.03263499974,0.1000913726,0.01837308023,0.02015794936,0.02582524343,0.05743944889,0.05125749931,0.06248136959,0.01643612614,0.01657482763,0.09135804572
k.variicola,BACTERIA,0.1054811651,0.05901324758,0.03379991313,0.05089483428,0.01079847233,0.04567616725,0.05390223355,0.0764098475,0.02305213785,0.05613352978,0.1118157932,0.03736185053,0.02717049106,0.03836452558,0.04668384942,0.0572638863,0.05217164896,0.01583938673,0.02694391904,0.07122310083
l.acidophilus,BACTERIA,0.07047231903,0.03699920787,0.05845347896,0.06127127677,0.005414893781,0.03803770409,0.0570967615,0.06420712439,0.02024126645,0.07813015933,0.09048432931,0.08002579987,0.02674598246,0.04307620714,0.0356116948,0.0589171239,0.05789573635,0.01035416656,0.03893248748,0.06763227995
l.asiaticus,BACTERIA,0.06357257481,0.0526352223,0.04610616406,0.05351625185,0.01393914603,0.0355149303,0.05805984708,0.06191435134,0.02354551462,0.08859381391,0.09559170574,0.06443787168,0.02704446053,0.04553664139,0.03726440326,0.08115540732,0.04663792832,0.0100689091,0.03053396684,0.06433088953
l.biflexa,BACTERIA,0.0549031124,0.04116240586,0.04780781007,0.04772273842,0.00797464865,0.03447446583,0.07052030308,0.06480986897,0.01906586427,0.07621192328,0.1041824983,0.07555180004,0.02159919967,0.05779800229,0.04074359161,0.07381764729,0.05341681261,0.01135052053,0.03643029565,0.06045649117
l.biflexa_patoc1_ames,BACTERIA,0.05493199546,0.04116155007,0.04776942158,0.04774473156,0.007996273453,0.03447549351,0.07043814904,0.06482034721,0.0190681,0.07621232098,0.1042634721,0.07560330056,0.02139883759,0.05778780741,0.04080519083,0.07379681433,0.05342590444,0.01138127476,0.03632395277,0.06059506233
l.borgpetersenii_jb197,BACTERIA,0.05587677604,0.04936993546,0.0465342199,0.04762577908,0.008557101193,0.03134167184,0.07253288495,0.06580071764,0.01730020322,0.07760805054,0.1036609215,0.07786526312,0.01965444234,0.05646985298,0.03930888468,0.07630285612,0.04905001403,0.01060523608,0.03551234195,0.05902284728
l.borgpetersenii_l550,BACTERIA,0.05588459393,0.04926138114,0.046594609,0.04766152603,0.008524927346,0.03127888483,0.07252537701,0.06575643897,0.01729966941,0.07774858647,0.1037168267,0.07795468361,0.01959796484,0.05648831283,0.039291692,0.07628925214,0.04909691978,0.01054322211,0.03541227756,0.0590728543
l.braziliensis,EUKARYA,0.111567109,0.07129160138,0.02765890199,0.04802342153,0.01906644613,0.0414650349,0.0602066572,0.06300726994,0.02763079811,0.03160566428,0.094103195,0.03400712046,0.02294722539,0.03015546333,0.05716390305,0.08895631557,0.06287713676,0.01102731086,0.02465972922,0.07257969588
l.brevis,BACTERIA,0.09343054478,0.04601768552,0.04108387176,0.05626330063,0.004512803178,0.05266319922,0.04648479215,0.06913024439,0.02413896422,0.06122630855,0.1015680339,0.05058426742,0.0259136621,0.03994068975,0.03912325315,0.05571168458,0.07143658336,0.01244132357,0.0343215814,0.07400720635
l.buccalis,BACTERIA,0.05260270535,0.03476450393,0.06811957694,0.05318923872,0.006650296258,0.02417626349,0.08438493514,0.06202955136,0.01219755961,0.09350684216,0.08751019503,0.1056577125,0.0245278917,0.04973715426,0.02475112455,0.05665299548,0.04813513028,0.006886660451,0.04306934955,0.06145031318
l.casei,BACTERIA,0.09624072019,0.04519454098,0.04059315643,0.05876693417,0.004031379112,0.04795812778,0.04691708488,0.06881782125,0.0231710342,0.06423021705,0.1010375352,0.05640798859,0.02733645855,0.04191481739,0.04109050183,0.0549923707,0.06584251815,0.01107940238,0.03271956484,0.07165782636
l.casei_bl23,BACTERIA,0.09575061311,0.04401269792,0.04127972553,0.05882731685,0.003825241535,0.04726421071,0.04708829789,0.06904865657,0.02279048323,0.06521191746,0.1011843647,0.0563150978,0.02746884446,0.04191669091,0.04093479843,0.05575056712,0.06566032269,0.01119058487,0.03263930168,0.07184026656
l.cholodnii,BACTERIA,0.1353818827,0.07396470993,0.02375524008,0.05525366905,0.009406155642,0.0403216135,0.05067984426,0.08421900526,0.02377922517,0.04177004688,0.1104706942,0.02717111768,0.02290510163,0.03195747709,0.05363001122,0.05310567034,0.05100297682,0.01490007542,0.01997825351,0.07634722959
l.citreum,BACTERIA,0.08688563945,0.04028256017,0.04902701986,0.05789509515,0.001965308806,0.04939249205,0.05052294771,0.06584590689,0.02172588869,0.07355486203,0.09764377927,0.05815307552,0.02712735273,0.04348044186,0.03470015156,0.05879265186,0.06473157501,0.01073843298,0.0344600865,0.0730747319
l.delbrueckii,BACTERIA,0.08634463028,0.04354533451,0.04159991197,0.05936839789,0.006683538732,0.04231294014,0.06155809859,0.06806558099,0.01822403169,0.06271566901,0.1025264085,0.07282130282,0.02577024648,0.04194542254,0.03514744718,0.06196082746,0.05185739437,0.009977992958,0.03783670775,0.0697381162
l.delbrueckii_baa-365,BACTERIA,0.08580494006,0.04340572173,0.04120570282,0.0590201826,0.006936258287,0.04240552211,0.06162574463,0.06784967588,0.01832088337,0.06294953825,0.1028671689,0.07306920499,0.02604511405,0.0424580536,0.03525493533,0.06186318698,0.05140311617,0.01033399523,0.03792773768,0.06925331736
l.elongisporus,EUKARYA,0.05895440169,0.04191512226,0.06153178593,0.05813199814,0.01060446322,0.04790619311,0.06674892962,0.0539179427,0.02305170701,0.06171958954,0.09536321693,0.070180583,0.01900003051,0.04218123388,0.04361586364,0.08633610067,0.05956120398,0.009324415487,0.03330734366,0.05664787501
l.fermentum,BACTERIA,0.09065429559,0.04794447277,0.04203766238,0.05757758372,0.005692860123,0.04775548337,0.05646682523,0.07018816926,0.02300321995,0.05943716815,0.1001037659,0.05596225917,0.02633727834,0.0395148321,0.03868399188,0.05373004468,0.06282114827,0.0108722396,0.03479901155,0.07641768798
l.gasseri,BACTERIA,0.0714174129,0.03660741701,0.0565155169,0.06000621286,0.005467679639,0.03902612456,0.05876364002,0.06377163953,0.01962977793,0.07554376029,0.09476233999,0.08144777693,0.02587137216,0.0437055246,0.03552285921,0.05907428323,0.05682795573,0.01039667163,0.0376488798,0.06799315508
l.helveticus,BACTERIA,0.07198267838,0.04169336429,0.05406342768,0.06002214188,0.006748376099,0.04042951337,0.05798822365,0.0627085599,0.02248283024,0.0745025424,0.09343091438,0.08188578315,0.02685242336,0.04367829605,0.03430228571,0.05735923738,0.05421430601,0.009683645377,0.03930478402,0.06666666667
l.hongkongensis,BACTERIA,0.1201694218,0.07072334257,0.02709018522,0.05424311927,0.01104487623,0.04036480872,0.05316881599,0.08166760429,0.02254414056,0.04600895794,0.1121570452,0.0313873983,0.02535810109,0.03516963822,0.05175913104,0.0539250476,0.05108728579,0.01475895794,0.02268370261,0.07468841959
l.infantum,EUKARYA,0.1207437721,0.07265624399,0.02627875548,0.04866732262,0.01887721835,0.04141877838,0.06015494375,0.06479694241,0.02696884247,0.02995220389,0.09177327263,0.03363900882,0.02264213869,0.02955737699,0.05794545115,0.08801928034,0.05961946863,0.01076596418,0.02400814667,0.07151486844
l.innocua,BACTERIA,0.07636108777,0.03728828803,0.04736578871,0.05475061805,0.006005040944,0.03454296977,0.07504710804,0.06558053116,0.0176279485,0.0782256667,0.09424678689,0.07390094041,0.02705504018,0.04516448877,0.03398359609,0.05824067107,0.06071288336,0.009443543841,0.03485994819,0.06959705353
l.interrogans,BACTERIA,0.05105094526,0.04483792824,0.05124346359,0.04622242175,0.00914257252,0.033075468,0.07032653566,0.06320089984,0.01703746243,0.08120095391,0.1041270195,0.07901853337,0.02010137114,0.05893354677,0.03793266446,0.07840739008,0.05064706639,0.01115787076,0.03589934323,0.05643654309
l.interrogans_copenhageni,BACTERIA,0.05214839831,0.04433951529,0.05069085596,0.04717903015,0.008894656518,0.03290849188,0.07093141125,0.06444282881,0.01704056363,0.08081021287,0.1037556471,0.07819132719,0.01942665947,0.05765109841,0.03864050734,0.07852400819,0.05053363596,0.01127032894,0.03590870122,0.05671212149
l.intracellularis,BACTERIA,0.06336854628,0.0408021634,0.04624020183,0.04437970924,0.01346009433,0.04192225588,0.06252267607,0.0646384063,0.02304099834,0.08605094628,0.1060290929,0.06337487449,0.02212340846,0.04325750736,0.04344313474,0.07238834935,0.05958006024,0.01146038121,0.0335162888,0.05840090451
l.johnsonii,BACTERIA,0.07006878872,0.03559326046,0.05809671005,0.05899968886,0.00544661941,0.03846622115,0.05949007061,0.06288554152,0.01932780498,0.07707955683,0.09515435188,0.07988149671,0.02539331999,0.04404811829,0.03522970158,0.06233428479,0.05704154379,0.01065481183,0.03772388464,0.06708422391
l.johnsonii_fi9785,BACTERIA,0.07015212102,0.03726067578,0.05618509649,0.05915838843,0.005484453713,0.03834916416,0.05974655407,0.06264918974,0.0198276751,0.077754353,0.09679335144,0.08085368043,0.02581818043,0.04441987389,0.03506651237,0.05954795269,0.0557134182,0.01037883215,0.03808181613,0.06675871077
l.lactis,BACTERIA,0.07365247915,0.03622155167,0.05204048572,0.05280343761,0.004556808562,0.03694269798,0.06988549749,0.0658796268,0.01796147018,0.07704022444,0.09882541242,0.07411681973,0.0252580375,0.04761058697,0.03226943101,0.06625886316,0.0572870864,0.01007215942,0.03545859978,0.065858724
l.lactis_kf147,BACTERIA,0.07229776931,0.03565581275,0.05231987955,0.05247587203,0.004885955929,0.03645883494,0.06932984272,0.06525097834,0.01757560549,0.07933506508,0.1000210251,0.074204947,0.02498592676,0.04916611843,0.03220363123,0.06607299092,0.05620748357,0.01001200464,0.03610344336,0.06543681287
l.lactis_mg1363,BACTERIA,0.07353202481,0.03670317193,0.0515479704,0.05279466766,0.004671864369,0.037149556,0.07037988874,0.06543643794,0.01773690498,0.07689940757,0.09960143247,0.07426733061,0.02514485813,0.04803323756,0.03224510964,0.06522696969,0.05729173438,0.009983690368,0.03587252195,0.06548122081
l.lactis_sk11,BACTERIA,0.07290701178,0.03704451136,0.05133242905,0.05186721693,0.005045168674,0.0378733605,0.06933935678,0.06482321008,0.01785989711,0.07600042091,0.100097588,0.07493516958,0.02527917801,0.04820586595,0.03216511251,0.06583080234,0.05716608551,0.01009033735,0.03667981774,0.06545745986
l.major,EUKARYA,0.1202566811,0.07179939453,0.02618116841,0.04861411746,0.01896829064,0.04095509614,0.05990536465,0.06465496251,0.02704757267,0.02983064951,0.09189349305,0.03328552996,0.02259668201,0.02957201278,0.05785851095,0.08993272378,0.06005414308,0.01080810076,0.02407488003,0.07171062596
l.mesenteroides,BACTERIA,0.07935665585,0.03780198989,0.05278962106,0.05779648531,0.002208425969,0.04403996921,0.05606765035,0.0656281571,0.02024335536,0.07644120395,0.09586216785,0.06364716605,0.02598526288,0.04454098525,0.03345930151,0.06424047451,0.0629417882,0.01063011008,0.0345470337,0.07177219592
l.monocytogenes,BACTERIA,0.07736844402,0.0365334399,0.04621253356,0.05443212692,0.006089480804,0.0345709804,0.07439317629,0.06669376675,0.01779648755,0.07839732857,0.09505469394,0.07165216353,0.02746639475,0.04529962818,0.03472140884,0.05798040067,0.06114628763,0.009308189967,0.03448485725,0.07039821048
l.monocytogenes_08-5578,BACTERIA,0.07658213438,0.03691195125,0.04679561545,0.05466806891,0.006242884868,0.03477605629,0.07444298678,0.0663341754,0.01781358082,0.07816833454,0.09454533627,0.07253477606,0.02764195028,0.04529723635,0.03431526677,0.0581104377,0.0607906064,0.009410948359,0.03477605629,0.06984159683
l.monocytogenes_08-5923,BACTERIA,0.07696843628,0.03675956897,0.04639087256,0.05460247145,0.006255012209,0.03465584516,0.07455134411,0.06665311358,0.01785525751,0.07831513401,0.09483267927,0.07187367324,0.02766402419,0.04539011553,0.03455475859,0.05782825617,0.06074628844,0.009362862592,0.03462214964,0.0701181365
l.monocytogenes_clip81459,BACTERIA,0.07770112221,0.03648820739,0.04641589731,0.05423314051,0.006063181063,0.03435802602,0.07428586686,0.06662301826,0.01777859812,0.07826646189,0.09511056628,0.07093910235,0.02739982053,0.04556498562,0.03488041382,0.05802335422,0.06141423147,0.009332167828,0.03454028132,0.07058155692
l.monocytogenes_f2365,BACTERIA,0.07723467237,0.03662417957,0.04648629273,0.05392475556,0.006121796336,0.03430595628,0.07438462827,0.06657482801,0.01784293949,0.07839671255,0.09529080875,0.0712932734,0.02731965828,0.04568504728,0.03483543426,0.05799658182,0.06122733465,0.009279921656,0.03465737972,0.07051779901
l.monocytogenes_hcc23,BACTERIA,0.0777938483,0.03689494782,0.04632640477,0.05502614024,0.006103377886,0.03458238876,0.07519521121,0.06641569303,0.01773455834,0.07739607446,0.09447071575,0.07229226005,0.02723440048,0.0453439376,0.03431112752,0.05781625584,0.06082976306,0.009374469302,0.03487416556,0.06998426001
l.plantarum,BACTERIA,0.09204740167,0.04310404061,0.04415080241,0.05655841897,0.005126448826,0.05249590958,0.04503437673,0.06630135574,0.02371264402,0.0655809689,0.1000994155,0.05170359141,0.02687976948,0.03965348427,0.03793357411,0.05797342621,0.07090603407,0.01178814829,0.03518944778,0.07376074139
l.plantarum_jdm1,BACTERIA,0.09313782058,0.04283078205,0.04383127614,0.05617779889,0.004896034884,0.0524592772,0.044642427,0.0672146043,0.02376201461,0.06539063524,0.1002342702,0.05107113367,0.0269741272,0.03958953974,0.03813081264,0.05725335804,0.07175436022,0.01168998352,0.03492430192,0.07403544191
l.pneumophila,BACTERIA,0.07190052349,0.04171556823,0.05006687236,0.04816108498,0.01213291369,0.04531838535,0.06028700679,0.06033395228,0.02464838323,0.07622650103,0.1095258405,0.0651074103,0.02470431829,0.04499975528,0.04062982877,0.06683240757,0.05143728132,0.01152062455,0.03566259573,0.05878874627
l.pneumophila_corby,BACTERIA,0.07307924576,0.04163313026,0.04993791941,0.04880839078,0.0118924194,0.04565363377,0.06071143877,0.0608090285,0.02458681379,0.07589098938,0.1090086913,0.06504113745,0.02413461585,0.04462942475,0.04082149293,0.06636101435,0.05119788974,0.01140930194,0.03515162641,0.05924179546
l.pneumophila_lens,BACTERIA,0.07283418824,0.04184132686,0.05033156263,0.0488642648,0.01196263769,0.04538678925,0.06052552804,0.06088778622,0.02457673125,0.07575559242,0.1095927386,0.0640699757,0.02390092188,0.04460950699,0.04058306316,0.06699036515,0.05130874645,0.01148774461,0.03525675175,0.05923377829
l.pneumophila_paris,BACTERIA,0.072277928,0.04147246546,0.05003470023,0.04884389447,0.01196020282,0.04539378126,0.06073393834,0.0605130325,0.0248068733,0.07573088548,0.1098195967,0.06503164737,0.02406925635,0.04479363791,0.04057556876,0.06675148946,0.05149476463,0.01150891019,0.0353857035,0.05880172326
l.reuteri,BACTERIA,0.07682047935,0.04322045112,0.05206107813,0.05884988929,0.005892575179,0.04680539506,0.05694626995,0.06531760804,0.02341151875,0.0735354569,0.09501865688,0.06714889338,0.02755572806,0.04101691028,0.03693268527,0.0553990279,0.058045394,0.0108218731,0.03735610384,0.06784400554
l.reuteri_k,BACTERIA,0.07715696782,0.04294247792,0.05207834883,0.0589452607,0.005791584193,0.04663814429,0.05678401099,0.06580510966,0.02325638884,0.0731099218,0.09469063582,0.06692634623,0.02761949998,0.04085362301,0.03710145337,0.05562392842,0.05842437127,0.01073561948,0.03736984386,0.06814646351
l.rhamnosus,BACTERIA,0.09811253999,0.04565823279,0.04014498917,0.05706898349,0.004201124439,0.04814657308,0.04661186226,0.06800526254,0.02356425459,0.06403141588,0.1022925768,0.05656288038,0.02650012125,0.04226898209,0.04168790074,0.05565376924,0.06494404163,0.01115066994,0.03239411374,0.07099970594
l.rhamnosus_lc705,BACTERIA,0.09855037183,0.04458432593,0.04066609864,0.05704382502,0.00414080115,0.0479229338,0.04615857228,0.06833944832,0.02338416596,0.0642264689,0.1020477954,0.05612570786,0.02675755099,0.04235163192,0.04155407559,0.05598543996,0.0653486121,0.01115767387,0.03238681482,0.07126768564
l.sakei,BACTERIA,0.08774090379,0.0393221149,0.04355522062,0.05433557886,0.004878272937,0.05477855692,0.05552849489,0.0661140163,0.02014906855,0.0717753127,0.1019529634,0.05870102657,0.02750875387,0.0411215984,0.03737007049,0.05424735086,0.06598535048,0.009773088623,0.03419386264,0.07096839416
l.salivarius,BACTERIA,0.06653364372,0.03840099597,0.05620048946,0.05858125911,0.005718281275,0.03628286136,0.0659913194,0.06269473792,0.01804507431,0.07900198682,0.09635465964,0.08101609066,0.02623621806,0.04308408585,0.0315486088,0.06082900582,0.05527615052,0.009606644326,0.03992905443,0.06866883255
l.sphaericus,BACTERIA,0.07389502978,0.03794356962,0.0450137274,0.04982221377,0.007359975817,0.04264454285,0.07195356055,0.06484678598,0.02187113381,0.07986123014,0.09800368349,0.06521762842,0.0288883141,0.04585513461,0.03443069453,0.05857051148,0.05807267888,0.009793824071,0.03642747849,0.06952828219
l.thermotolerans,EUKARYA,0.07041501419,0.05109768463,0.04613135416,0.0559212171,0.01341661217,0.04235220707,0.06766065275,0.05677560514,0.02191769315,0.05294005884,0.09787182979,0.06489749144,0.0201497179,0.04381178663,0.04657894789,0.09005193927,0.05423204075,0.01090864728,0.03072076991,0.06214872992
l.welshimeri,BACTERIA,0.07523610618,0.03670372331,0.04711971012,0.05406450708,0.005950093185,0.03429733787,0.07479132976,0.06624872187,0.01777292714,0.0797708918,0.09527038297,0.07368905778,0.02762690027,0.04563792783,0.03385981324,0.05810254514,0.06019831227,0.009230319248,0.03473002797,0.06969936498
l.xyli,BACTERIA,0.1324437671,0.07509181227,0.02146215608,0.05621135749,0.005641556924,0.02905285598,0.05650854369,0.09041765452,0.0190697242,0.04528021836,0.1021274547,0.02449544757,0.01751240213,0.03162625599,0.05372263065,0.05880634086,0.05993033557,0.01347963527,0.01983012239,0.08728972832
m.abscessus,BACTERIA,0.1256840122,0.06985189468,0.02385474625,0.05996395334,0.007816279459,0.0320775718,0.0527182425,0.08787714011,0.02226749329,0.04584525209,0.09824949038,0.0246633709,0.02074916808,0.03106152568,0.05715961497,0.05735427205,0.06055941253,0.01520622801,0.0222004802,0.08483985147
m.acetivorans,ARCHAEA,0.06880521082,0.04485447687,0.04479585372,0.05335271429,0.01258278754,0.02546504754,0.07973383679,0.07236074001,0.01673161123,0.07357770004,0.09395312832,0.06551737046,0.02455250409,0.04442716356,0.03993295772,0.06898884959,0.05431681785,0.01056134842,0.03727655222,0.06821332893
m.aeolicus,ARCHAEA,0.05399590164,0.02964936248,0.0705942623,0.05635245902,0.01421675774,0.01777322404,0.07487249545,0.06677823315,0.01597677596,0.1082422587,0.08684881603,0.09604052823,0.02628415301,0.03664845173,0.03467213115,0.05427595628,0.0483151184,0.006154371585,0.0414571949,0.06085154827
m.aeruginosa,BACTERIA,0.07281380742,0.05356125067,0.04533705447,0.04787494048,0.01087556751,0.05050031795,0.06581639349,0.06463525893,0.01768151464,0.07200482851,0.1122787909,0.05645671044,0.01742474626,0.04113112496,0.04643259957,0.06449894979,0.05378505126,0.01468207953,0.03263114049,0.05957787278
m.agalactiae,BACTERIA,0.05871145435,0.02977238406,0.07532295799,0.05713480904,0.005696266911,0.0278084239,0.06751406462,0.04772970901,0.01520699827,0.08769747189,0.09409794762,0.1033935041,0.01861067424,0.05260831123,0.02773409075,0.07308905112,0.04829307606,0.009588976785,0.04166177633,0.05832805177
m.aquaeolei,BACTERIA,0.09817133345,0.0664276207,0.03311055935,0.05751431993,0.009374067141,0.04247409067,0.06727048602,0.07564224581,0.02258949298,0.05109238857,0.1068212388,0.03797880896,0.02509139821,0.03683461929,0.04749124649,0.0591810861,0.05166764416,0.01425987645,0.02613725359,0.07087022332
m.arthritidis,BACTERIA,0.06410182119,0.02993791391,0.07191225166,0.05685430464,0.004995860927,0.03444122517,0.07449089404,0.04320778146,0.01424254967,0.08874172185,0.09887831126,0.1115521523,0.01664321192,0.04884933775,0.02654387417,0.06594370861,0.05176738411,0.008551324503,0.0380339404,0.05031043046
m.avium_104,BACTERIA,0.134109388,0.07606030111,0.02212338624,0.0621414173,0.008502126462,0.03087229263,0.05132836425,0.08858593243,0.02275955761,0.04120294673,0.0981719064,0.02196961383,0.02018634985,0.02984486967,0.06063345555,0.05210404688,0.05791329592,0.01528547415,0.02156534119,0.08463993383
m.avium_paratuberculosis,BACTERIA,0.1343381617,0.07811469446,0.02189463052,0.06131817015,0.008595311784,0.03101881126,0.0499689281,0.08944215555,0.02321442063,0.04083862146,0.09838255944,0.02129633474,0.01993570533,0.02939681031,0.06163467475,0.0523954633,0.05745545283,0.01488048038,0.0212834023,0.08459521105
m.barkeri,ARCHAEA,0.06824291593,0.04222140597,0.04823503734,0.05209802805,0.01241320692,0.02585559832,0.07634596923,0.07061625082,0.01651486196,0.07753929089,0.09382258634,0.07022853219,0.02385578641,0.04291344381,0.03936453182,0.06994728091,0.05483069028,0.01039742491,0.03651741717,0.06803974072
m.boonei,ARCHAEA,0.09463683802,0.05541457487,0.03334414745,0.05283430752,0.01360379631,0.02929572586,0.06060810179,0.07979308373,0.01996717273,0.0719010673,0.09193147514,0.04743045513,0.02449123231,0.03916590143,0.04942373571,0.05956747186,0.06172296424,0.009793193703,0.03005867118,0.07501608371
m.bovis,BACTERIA,0.1328497539,0.07352257469,0.0249772892,0.05821381489,0.008920678908,0.03095397584,0.04683471127,0.09915213023,0.02241945696,0.04252501246,0.09761360751,0.02044048242,0.01966892704,0.02947433298,0.05808840847,0.05481254798,0.05914824569,0.01466108149,0.02074788109,0.08497508694
m.bovis_bcg,BACTERIA,0.1326430436,0.07376969704,0.02494769423,0.05839081539,0.008930235236,0.03086608662,0.04690627078,0.09949383466,0.02240853497,0.04249682984,0.09763718808,0.02045417014,0.01965045655,0.02938364787,0.0579037392,0.05476160537,0.05909681075,0.01462440593,0.02069202695,0.08494290679
m.bovis_bcg_tokyo,BACTERIA,0.1328328478,0.07350342646,0.02495080898,0.05830266099,0.008922403212,0.0308202911,0.04685097687,0.09954939584,0.02243672808,0.04252885531,0.09769727517,0.02037104733,0.01967184708,0.02946065061,0.05790366085,0.0547359797,0.05907862127,0.01461784526,0.02074040747,0.08502427061
m.brevicollis,EUKARYA,0.1065256428,0.06328095246,0.0339223435,0.05840265295,0.01820789874,0.04662172311,0.05769015969,0.06069596225,0.02802534028,0.03673254187,0.1014459272,0.03480937309,0.02177871954,0.03329829893,0.05540502327,0.07752028372,0.06260532795,0.01163254672,0.02350573927,0.06789354265
m.burtonii,ARCHAEA,0.06777141078,0.04165411937,0.04590638043,0.06326602163,0.01200176317,0.0245214206,0.07313510785,0.07067947437,0.01948358959,0.0843643939,0.08922619905,0.06450256692,0.03009460299,0.04016153646,0.03620895579,0.06730006881,0.05429743133,0.008718371717,0.03381587695,0.07289070831
m.capricolum,BACTERIA,0.04493934908,0.02516414699,0.08432451026,0.05671206915,0.005894790799,0.03770575282,0.06074197475,0.04293957165,0.01302721788,0.100359825,0.09987084068,0.1080385657,0.01713805883,0.05250005902,0.02449643041,0.06777660496,0.05323184941,0.01033611773,0.04091281577,0.05388944907
m.capsulatus,BACTERIA,0.1119182629,0.07851256073,0.02593369548,0.05407815224,0.01094387903,0.0321975191,0.06293646504,0.08499114983,0.02326388571,0.04764841974,0.1088443683,0.03236139229,0.02161599321,0.03798091946,0.05369238865,0.05246384866,0.04805454025,0.01400047024,0.02519372152,0.07336836759
m.caseolyticus,BACTERIA,0.06511186795,0.03826729643,0.0509124943,0.05757302524,0.006577994553,0.03583169429,0.07138619088,0.06275101574,0.02391063645,0.08598890275,0.09229748607,0.07379687639,0.02984391279,0.04478455666,0.03182634344,0.05760261376,0.05662152082,0.007204025284,0.03983081597,0.06788073024
m.chloromethanicum,BACTERIA,0.1387738021,0.08169201636,0.02179696296,0.05498472923,0.008221774574,0.02852711961,0.05764092273,0.09014940209,0.0195176301,0.04430603428,0.103691769,0.02591429732,0.02047707158,0.03410031995,0.05767433028,0.05144763132,0.0540159102,0.01241705989,0.02023208286,0.0744191335
m.conjunctivae,BACTERIA,0.05520345402,0.02833106472,0.07668966486,0.0546730266,0.00323326716,0.04533984407,0.05952877764,0.0463694973,0.01387691744,0.09739193516,0.09365164179,0.09887401179,0.01296817045,0.06152178068,0.0282959629,0.07303907612,0.05102243786,0.008814455707,0.03818297406,0.05299203969
m.dichloromethanicum,BACTERIA,0.1385795518,0.08241553884,0.02134804241,0.05485606369,0.008387025662,0.02846602132,0.0576293405,0.08962311139,0.01999175974,0.04401287555,0.1039887442,0.02589197247,0.02071204545,0.03389645687,0.05806728836,0.05118920821,0.05364713899,0.01250008105,0.02000413781,0.07479359571
m.extorquens,BACTERIA,0.1386448117,0.08116216984,0.02189035575,0.05531180566,0.007902995832,0.0281763536,0.05741193908,0.09103502274,0.01943539929,0.0445833186,0.1035814869,0.02591452038,0.02030870914,0.03432683785,0.05765612541,0.05149843996,0.05434946272,0.01224532282,0.02022818657,0.07433673623
m.extorquens_am1,BACTERIA,0.139800835,0.08315991486,0.0209138362,0.05592421972,0.008399102829,0.02773814098,0.05778936779,0.09088765073,0.01950849894,0.04295561207,0.1021039043,0.02541372179,0.02048262865,0.03357536364,0.05871978309,0.05191544662,0.05304770375,0.0125714002,0.0197432615,0.07534960733
m.fervens,ARCHAEA,0.05771627855,0.03850151873,0.05100236247,0.05585330183,0.01309933626,0.01437507031,0.08776690291,0.06520643492,0.01447631905,0.1012464844,0.09391607605,0.1031792103,0.02262571718,0.04134998313,0.0344403195,0.04418494769,0.04074024075,0.00677916526,0.04170997863,0.07183035212
m.flagellatus,BACTERIA,0.1044363267,0.05908965381,0.03504897944,0.05268516876,0.008246686619,0.04447889607,0.05875736151,0.07581540714,0.02487477295,0.05817472737,0.1078838594,0.04175207851,0.02599176903,0.03708426978,0.04609208538,0.05903576857,0.0499706999,0.01290663709,0.02731420258,0.07036064941
m.florum,BACTERIA,0.05521715345,0.02786373917,0.07254778682,0.0535555356,0.006115733521,0.03043985923,0.07283765136,0.05372292216,0.0124233492,0.09966849295,0.09019278033,0.09724751166,0.02316058495,0.05177143977,0.02522638012,0.06521952136,0.05422099926,0.01056168399,0.03739252558,0.06061434952
m.gallisepticum,BACTERIA,0.05754211635,0.03188576101,0.08005456313,0.05682399953,0.005298258996,0.04202529558,0.05605434323,0.04604881133,0.01458223812,0.08363140335,0.09859159769,0.0896340353,0.01761619577,0.04971155069,0.03185483732,0.07055411818,0.0569373864,0.008923202732,0.04318665196,0.05904363333
m.genitalium,BACTERIA,0.05576462538,0.03102406204,0.07523092713,0.049104801,0.00823925191,0.04728589349,0.05650017106,0.04633937735,0.01575436196,0.08274603718,0.1066883339,0.09495381457,0.0152982096,0.06140951078,0.02994070019,0.06654122477,0.05399703501,0.00970464135,0.03243243243,0.06104458889
m.gilvum,BACTERIA,0.1296411988,0.07414922297,0.0215292761,0.06518630442,0.008157656337,0.02869184278,0.05306524812,0.08831735209,0.02200630643,0.04173851298,0.09653080784,0.02094283514,0.02067368499,0.03023507967,0.05854507937,0.05450509197,0.06222784107,0.01519275964,0.02102051668,0.08764338263
m.globosa,EUKARYA,0.09524700608,0.06739593261,0.03039204451,0.05842492676,0.01293791859,0.04268299464,0.05864154998,0.05842250909,0.0315844393,0.04042247331,0.09448205533,0.03877217185,0.02726164555,0.03248429603,0.0612163684,0.0867324563,0.05869763992,0.01338615458,0.02553929753,0.06527611966
m.hominis,BACTERIA,0.05315914011,0.02808739868,0.0830337814,0.0547701757,0.007013039319,0.03354981624,0.06973770327,0.04549161758,0.01313497458,0.1007501384,0.09544882445,0.1060816594,0.01712732216,0.05201631174,0.02631525953,0.0669838393,0.04672506671,0.008573730051,0.04183658058,0.0501636208
m.hungatei,ARCHAEA,0.06975141186,0.05191270571,0.03612214731,0.05763805275,0.01376114673,0.03191836598,0.06772298629,0.07327872263,0.0220898207,0.08539997061,0.09168542738,0.05042269549,0.02635474077,0.03992556852,0.04672084348,0.06706919623,0.05780076068,0.01055925182,0.03445562363,0.06541056142
m.hyopneumoniae,BACTERIA,0.05000130561,0.02972697735,0.07577040582,0.04803542319,0.003980259109,0.04090303761,0.0648181652,0.04593524898,0.01201538387,0.09871937868,0.09998022927,0.1077318492,0.01238468626,0.06908938983,0.03065955915,0.07068970019,0.04513322864,0.01013902929,0.03701230635,0.04727443644
m.hyopneumoniae_7448,BACTERIA,0.04972997729,0.02997538309,0.07616357842,0.04851630632,0.004129534569,0.04061217869,0.06521764021,0.04615766273,0.01217869206,0.09864320745,0.09946377116,0.1070091407,0.01288094193,0.06890826861,0.03071198214,0.07040818274,0.0444096712,0.01025513806,0.03748258687,0.04714615575
m.hyopneumoniae_j,BACTERIA,0.04997604492,0.03006841571,0.07569038539,0.04905616987,0.004024453345,0.04094210536,0.06499683793,0.04637703379,0.01218834442,0.09829631475,0.09871409134,0.1070542918,0.01290891321,0.06850769437,0.0307889845,0.07068089918,0.0447825837,0.0101032943,0.03756156455,0.04728157759
m.infernorum,BACTERIA,0.06973583747,0.05259200341,0.03437459705,0.04244739713,0.01234101061,0.03591903439,0.07040808787,0.07120928285,0.01973141858,0.0671902686,0.112878666,0.06928235821,0.02070936906,0.05381335489,0.05142860454,0.06773936968,0.04103190437,0.01510100417,0.03178701253,0.06027941856
m.jannaschii,ARCHAEA,0.05455609157,0.03842327853,0.05294281026,0.0551470371,0.01291215989,0.01454710919,0.0864435125,0.06322329271,0.01435997644,0.1051410292,0.09451779829,0.1038704963,0.02307839286,0.04255989725,0.03357752516,0.04507141577,0.04047188971,0.007325754785,0.04384027924,0.06799025334
m.kandleri,ARCHAEA,0.08342762721,0.08345357049,0.01916011599,0.05798324862,0.01318916848,0.01408520973,0.09999541003,0.08052197895,0.01931178444,0.04826648945,0.1008275909,0.0402300571,0.01900246062,0.02873718052,0.05463456883,0.0462169697,0.04595154991,0.01239091346,0.0282043453,0.1044097603
m.labreanum,ARCHAEA,0.08524369285,0.04678259605,0.03561517468,0.05526294636,0.01507745425,0.02511952107,0.066993045,0.07768965478,0.01834634126,0.07630401415,0.092026442,0.05503902377,0.02865060804,0.03929745723,0.04433475853,0.06029641992,0.0597605368,0.009236328282,0.03415872092,0.07476526406
m.leprae,BACTERIA,0.1173357949,0.06947282007,0.02657258754,0.05898271212,0.009489015847,0.03279644584,0.0508625365,0.08423103497,0.02226733431,0.04841273969,0.1003190865,0.02678246399,0.02113623025,0.0298005988,0.05366522291,0.05966620358,0.06097746707,0.01381469952,0.02241591941,0.0909990862
m.leprae_br4923,BACTERIA,0.117342998,0.06950344602,0.02657856039,0.05897228329,0.009509981582,0.03279848197,0.05086039154,0.0842177381,0.02225617907,0.04839284653,0.1002837027,0.02679393678,0.02113659319,0.02980920623,0.05366028459,0.05966111639,0.0609867952,0.01381750936,0.02240471451,0.09101323451
m.loti,BACTERIA,0.1233145282,0.06978715315,0.02718931693,0.05680017595,0.008672830564,0.03119078437,0.05376567241,0.08617273759,0.02066804992,0.0538726537,0.09844941415,0.03693838842,0.02491699767,0.03840903675,0.05061270892,0.05693562436,0.0530099162,0.01364172105,0.022187827,0.0734644627
m.luteus,BACTERIA,0.1448509884,0.08060890638,0.01577245305,0.06204155736,0.005280448696,0.02824074199,0.06191457804,0.09161828394,0.02337230068,0.03244726981,0.1013051853,0.01798243363,0.01909147645,0.02674805951,0.05856313439,0.04615563342,0.05957626729,0.01508352268,0.01709763089,0.09224912803
m.magneticum,BACTERIA,0.1263686444,0.07037253466,0.02491406106,0.05666482855,0.009923786636,0.03092841486,0.05709555203,0.08734427426,0.02136470756,0.0470942626,0.1025334497,0.03518009454,0.02670074046,0.03390301314,0.05216075039,0.05468542097,0.05310793052,0.01366655418,0.01993056299,0.07606041651
m.marinum,BACTERIA,0.1322677234,0.06728971118,0.02585178025,0.05811769689,0.008245026033,0.0323557547,0.04776022171,0.1059642434,0.02232802034,0.04276442252,0.09687253134,0.0194662515,0.01978545266,0.03016300338,0.05752195512,0.05658693664,0.05989137123,0.01461750567,0.02094682289,0.08120356903
m.maripaludis,ARCHAEA,0.05809706107,0.03097489603,0.05631558111,0.05602581003,0.01365597235,0.01871880369,0.08135833255,0.06748401157,0.01502320209,0.09404295958,0.0909003718,0.08856179674,0.0262283641,0.04202496929,0.03399300468,0.06251913101,0.04957738316,0.006487199056,0.03822325433,0.06978789573
m.maripaludis_c5,ARCHAEA,0.05634391788,0.03184893007,0.05628167874,0.05634002793,0.01312467665,0.01890902584,0.08254270188,0.06616408569,0.01529526633,0.094344797,0.09152847635,0.08946097023,0.0262201787,0.04267853878,0.03315011689,0.06228969981,0.04954818281,0.006494264275,0.0391192385,0.06831522564
m.maripaludis_c6,ARCHAEA,0.05739666196,0.03187849355,0.05547496472,0.05656885392,0.01304783154,0.01897848487,0.08304688547,0.06682578977,0.0150720193,0.09368027688,0.09120473664,0.08841186998,0.0260385049,0.04196395487,0.03328970916,0.06232606176,0.05046278412,0.006622464345,0.03871776476,0.06899188748
m.maripaludis_c7,ARCHAEA,0.05745310688,0.03129722996,0.05594565357,0.05615654082,0.01300471372,0.01885683489,0.08271076033,0.06708362461,0.01489098301,0.09450287236,0.09095879497,0.08722726225,0.0261519716,0.04244301163,0.03346858756,0.0629830392,0.05037666806,0.006758155283,0.03879544327,0.06893474602
m.maris,BACTERIA,0.1269853883,0.07120578507,0.02594538754,0.0662183505,0.007866061407,0.03060900142,0.05989490727,0.08813385913,0.01957227857,0.05029551121,0.09840771607,0.02491432658,0.02498087869,0.03733672385,0.04938166142,0.05649181012,0.05421016559,0.01430472917,0.0214695102,0.07177594787
m.marisnigri,ARCHAEA,0.1017462097,0.07015825243,0.02723181223,0.05733298317,0.01303925533,0.02342730657,0.07174647375,0.08509837107,0.01969922451,0.06147375266,0.09463881513,0.03358747653,0.02420265871,0.03639847542,0.04995463217,0.05098565599,0.05544323603,0.01004761885,0.03031098846,0.08347680127
m.massiliensis,BACTERIA,0.1119694092,0.05746092819,0.03535156234,0.05264610519,0.008624749288,0.04062174197,0.05431356217,0.07749088673,0.02122649815,0.05735118397,0.1039908405,0.04379613455,0.02574320999,0.03769632136,0.04505901209,0.06047398038,0.05504901226,0.01284826387,0.02578661628,0.07249998157
m.mazei,ARCHAEA,0.0707270598,0.04670584687,0.04350882828,0.05254762725,0.01245809115,0.0248055351,0.08166644472,0.07228591236,0.0167625609,0.07655317332,0.09379846935,0.06817629917,0.02492107819,0.04298105093,0.0400484106,0.06755941657,0.0511405474,0.009382490717,0.03530135205,0.06866980526
m.mobile,BACTERIA,0.04829665386,0.02875795812,0.08499034152,0.04704297063,0.002643821772,0.03016515358,0.06914873203,0.048019479,0.01246434039,0.1062475214,0.09669991344,0.09985970688,0.01507404833,0.0631191127,0.02648938847,0.07495234724,0.05183596365,0.008170262122,0.03361065034,0.05241163452
m.mobilis,BACTERIA,0.1011964364,0.04635218159,0.04351445447,0.05273080115,0.008683365853,0.04369651227,0.05660546622,0.06822022662,0.023291526,0.06300123615,0.1050315237,0.05374926946,0.0261952161,0.03808965951,0.04033503914,0.06217010268,0.05519517784,0.01127175294,0.02863716539,0.0720328865
m.mycoides,BACTERIA,0.04386902124,0.02708387716,0.08249002908,0.0564199382,0.006589610815,0.03678465844,0.05811666434,0.04315269321,0.01363147958,0.101105452,0.09866204493,0.1094221418,0.0175045074,0.05232533434,0.02450995271,0.06648798936,0.05384601376,0.01053548556,0.04362316289,0.05383994318
m.nodulans,BACTERIA,0.1409783282,0.08489311671,0.02071820276,0.05351584064,0.009200976531,0.02931541953,0.05526564158,0.08841942987,0.01988082529,0.04439542194,0.1045683075,0.02408848812,0.02052486396,0.03336323866,0.05962339637,0.04990939364,0.05254957063,0.01345612608,0.0206389169,0.07469449502
m.paludicola,ARCHAEA,0.08556220985,0.05249722998,0.03584669257,0.05776261472,0.01256328981,0.02360365036,0.06216777234,0.07950438763,0.01729220139,0.07061459488,0.09186781488,0.06141039846,0.03159464602,0.03747364386,0.04458804939,0.06074185239,0.05206945399,0.009565351548,0.03642290448,0.07685124149
m.palustris,ARCHAEA,0.08527891729,0.05563555199,0.0344973426,0.05569666981,0.01257804746,0.03394117043,0.06077189363,0.08150183598,0.02023244329,0.07001046337,0.09448815048,0.03851522812,0.0253443378,0.03731242941,0.04764378578,0.06076578184,0.06790312092,0.01043525667,0.0298731683,0.07757440483
m.penetrans,BACTERIA,0.04705018837,0.02404437887,0.08745453138,0.05601533887,0.007192592204,0.02940948843,0.06036185155,0.04809624742,0.01104977893,0.0897638503,0.08960157383,0.09550843713,0.01711392557,0.053421412,0.02564966758,0.08459097593,0.06125811694,0.009626739167,0.04462602765,0.05816487788
m.petroleiphilum,BACTERIA,0.1341028875,0.07757760309,0.02240427643,0.05358141405,0.00981974368,0.03732536032,0.05418448632,0.08415194024,0.02294293606,0.03916642954,0.1093840027,0.02942171598,0.02203620416,0.03345564658,0.05501406461,0.05242764902,0.04998775452,0.01518722846,0.02108417105,0.07674448564
m.pneumoniae,BACTERIA,0.06667473177,0.03489545963,0.06214854244,0.04965876287,0.007492199102,0.05372607586,0.05675883128,0.05520699494,0.01808807088,0.06620751222,0.1034682708,0.0856471825,0.01593969531,0.05593702548,0.03492048925,0.06469739191,0.05963306579,0.01187655392,0.03225900649,0.06476413756
m.populi,BACTERIA,0.1412275731,0.08271508428,0.02103599054,0.05522210398,0.008039090445,0.02759633058,0.05747057371,0.09109787453,0.01949895538,0.04336145623,0.1045562457,0.02551850902,0.01997124218,0.03379254111,0.05819582837,0.05010866803,0.05344111407,0.01244049096,0.01986849276,0.074841835
m.pulmonis,BACTERIA,0.04681091588,0.02837881618,0.07622369428,0.05346963253,0.003036402363,0.03675735664,0.06892047452,0.04494289082,0.01416528231,0.09491083799,0.09562082538,0.110151441,0.01598160926,0.06105891517,0.02703121877,0.07596175718,0.0465834442,0.009550364299,0.03749836289,0.05294575834
m.radiotolerans,BACTERIA,0.1481408098,0.08383148612,0.02021896196,0.05613511255,0.008407160294,0.02756581965,0.05269258495,0.09111025099,0.01918323421,0.04277202317,0.1046044063,0.02320685475,0.02014677332,0.03292160212,0.05926943052,0.04745711688,0.05336071382,0.0124420443,0.02035002785,0.07618358645
m.ruminantium,ARCHAEA,0.06030988867,0.03184901286,0.06727366418,0.06992359646,0.01172867106,0.02126370694,0.07590528426,0.06596246563,0.01458446151,0.09080705582,0.08651550296,0.07338909424,0.02198224375,0.044231972,0.02977600795,0.07074571795,0.05240467259,0.006712025395,0.04147714384,0.06315781192
m.sedula,ARCHAEA,0.06191442275,0.05611858432,0.03812665258,0.04703203407,0.006201906333,0.02372373639,0.0693064204,0.07476959551,0.01426235423,0.07216607553,0.105726026,0.06072589323,0.0266333691,0.04169380294,0.04358670409,0.0709916022,0.0503071279,0.01045000133,0.03941826087,0.08684543025
m.silvestris,BACTERIA,0.138205711,0.07090286584,0.02549031019,0.05541015399,0.008927920078,0.03013459913,0.05587573043,0.08474065015,0.01888125588,0.05276013879,0.1023104231,0.03469610072,0.02096897277,0.04014695166,0.05480195378,0.05635852009,0.0471584673,0.01221728321,0.02168864903,0.06832334284
m.smegmatis,BACTERIA,0.1294448546,0.07307727169,0.02216408314,0.06306212741,0.008166485074,0.02923204166,0.05386273469,0.08803082861,0.02276173445,0.04333349699,0.09786894347,0.02170427873,0.02049528582,0.0309178338,0.05740615553,0.05263627489,0.06165344532,0.01477039048,0.02125297173,0.08815876187
m.smithii,ARCHAEA,0.06018518519,0.02977501403,0.06759295245,0.06491917491,0.01298203567,0.0233514704,0.07016236991,0.06609772423,0.01579436024,0.09350484375,0.0859045501,0.07991284133,0.02275050021,0.04278763801,0.03191979387,0.06465467605,0.0531660693,0.006547696161,0.03992133408,0.06806977012
m.stadtmanae,ARCHAEA,0.05171356213,0.0302284952,0.07508133069,0.06081733543,0.01173955556,0.02584969563,0.0679574307,0.05931319855,0.01694026572,0.1031092918,0.08366685494,0.0816039808,0.02276044545,0.03565593932,0.03167189977,0.06263323151,0.06739262021,0.005524615818,0.04329606394,0.0630441868
m.succiniciproducens,BACTERIA,0.08622520168,0.04559497115,0.04862051861,0.05018840777,0.01052269741,0.04490167696,0.06197295863,0.06777168285,0.01993148281,0.07021416699,0.1048324636,0.06106500431,0.02524287053,0.04503221352,0.03765544729,0.05757242604,0.05218416679,0.01145675904,0.03189153282,0.06712335125
m.synoviae,BACTERIA,0.05866389637,0.02702313058,0.07887718108,0.05285475014,0.003905272754,0.0342230797,0.06313312273,0.04499756185,0.01233489516,0.07863124642,0.1018720716,0.1031611084,0.0163037717,0.05878262344,0.02703161108,0.07307651536,0.053405983,0.009125023851,0.04169016473,0.06090699006
m.thermoacetica,BACTERIA,0.1039843119,0.06870851055,0.03045143168,0.04528229386,0.01058287289,0.0355129785,0.06768560109,0.08579056856,0.01745306144,0.06040068371,0.1123173139,0.04296484742,0.02240198222,0.03427276702,0.05025373985,0.04363795365,0.05003643784,0.01129440447,0.03035868082,0.07660955864
m.thermoautotrophicum,ARCHAEA,0.07335297472,0.0679224482,0.03313058354,0.0590990306,0.01209465881,0.01899258696,0.08144079072,0.07972058544,0.01874928721,0.07705949439,0.0942007223,0.04565862003,0.03071849458,0.03648355826,0.043014636,0.06142178293,0.04961224102,0.008420452385,0.03224101882,0.07666603307
m.thermophila,ARCHAEA,0.08293072392,0.07474611752,0.02920597829,0.05818022492,0.01333917531,0.02120052578,0.07307336546,0.0792717005,0.0184139039,0.07317267903,0.0952027652,0.04028625675,0.03083199455,0.03297210457,0.04465021177,0.06699381724,0.04571539847,0.01048634438,0.03091378219,0.07841293024
m.tuberculosis,BACTERIA,0.1325323658,0.07334069786,0.02534027276,0.05805405745,0.008871864648,0.03092429352,0.04682838697,0.09969808417,0.02232186293,0.04267536041,0.09747300795,0.02040439058,0.01958860414,0.02955017985,0.05807351658,0.05485228278,0.05926501384,0.01472232575,0.02081003851,0.08467339354
m.tuberculosis_cdc1551,BACTERIA,0.1320410337,0.07510209805,0.02466260712,0.05799591532,0.009374097666,0.03121105592,0.04671895273,0.09711848651,0.02262554649,0.04225656862,0.09720744771,0.02056209906,0.02003511706,0.02925767912,0.05887120303,0.055593963,0.05907551222,0.01481731667,0.02069704867,0.08477625128
m.tuberculosis_f11,BACTERIA,0.1324326947,0.07337429634,0.02538785444,0.05792208568,0.008900120948,0.0309059145,0.04668662555,0.09997909543,0.02228576548,0.04264681728,0.09738916845,0.02037225068,0.0196137134,0.02953591853,0.05821325648,0.05494393096,0.05928013618,0.01472428365,0.02079258186,0.08461348942
m.tuberculosis_h37ra,BACTERIA,0.1326440338,0.07363783653,0.02518297941,0.05811032174,0.008934139348,0.03093717085,0.04691896392,0.0985962876,0.02236257523,0.04268276309,0.0976146288,0.02039478199,0.01966823513,0.02956911445,0.05817148893,0.05486622288,0.05923893098,0.01474054669,0.02084383867,0.08488513995
m.tuberculosis_kzn1435,BACTERIA,0.1322909243,0.07364257092,0.02537064797,0.05785005187,0.008983126199,0.03091109885,0.04675127769,0.09962385998,0.02231222973,0.04260338638,0.0973004451,0.02038871029,0.01983317583,0.02952896487,0.05821345778,0.05504706032,0.05926942006,0.01471570561,0.02079307384,0.0845708124
m.ulcerans,BACTERIA,0.1322107922,0.07212692486,0.02439441955,0.05889895496,0.009038864132,0.03216667768,0.04927757994,0.09171349841,0.02348868615,0.04421186632,0.09823833078,0.0216480938,0.02041416524,0.02951980502,0.05694399158,0.05606099031,0.06094626763,0.0148043012,0.02076580292,0.08312998731
m.vanbaalenii,BACTERIA,0.1306797146,0.07329797854,0.02152739406,0.06441150268,0.008295934941,0.02907882202,0.0532525079,0.08916053546,0.0220166415,0.04140421107,0.09718247157,0.02086848006,0.02053573102,0.03046552958,0.05842100705,0.05370275736,0.06128963803,0.015062845,0.02099813569,0.08834816185
m.vannielii,ARCHAEA,0.05257364579,0.03193342523,0.05988870169,0.05221626589,0.01299637515,0.01826517588,0.07937918007,0.06575381631,0.01527543779,0.09917598407,0.09258794098,0.09408281003,0.02453464032,0.04349006994,0.03354674018,0.06445091132,0.04854648491,0.006010108746,0.03850717313,0.06678511257
m.vulcanius,ARCHAEA,0.05306406124,0.03808823529,0.05376510878,0.05494963739,0.01325342466,0.01510878324,0.0840451249,0.06408138598,0.01496172442,0.1041901692,0.0942727639,0.1037429492,0.02216357776,0.04165592264,0.03425664786,0.04782433521,0.04256647865,0.007173650282,0.04223609992,0.06859991942
m.xanthus,BACTERIA,0.1222540087,0.08174331935,0.02096721339,0.051175051,0.00949206243,0.03426789933,0.06340595545,0.0870907879,0.0217995854,0.02912834392,0.1090918116,0.02813086442,0.02025246699,0.03304236284,0.061708118,0.05686640357,0.05365238289,0.01363593689,0.02020606423,0.08208936165
magnetococcus_mc1,BACTERIA,0.09908800568,0.06023171258,0.03165893653,0.05270643304,0.009521556698,0.05128494222,0.06152498184,0.07797934601,0.02628984264,0.0500093587,0.1096721802,0.03947381996,0.0281807423,0.03464929928,0.04785096232,0.05794877917,0.05279780933,0.01392825193,0.02480424104,0.07039879855
marinomonas_mwyl1,BACTERIA,0.08679359888,0.04484778281,0.04174357203,0.05502314384,0.009931458757,0.04168713184,0.06075383945,0.06905122015,0.02147347882,0.06568698133,0.1061814781,0.05306117513,0.02646238899,0.04253507859,0.03935628613,0.07001204729,0.05356712117,0.01254316163,0.02967948016,0.06960957494
mesorhizobium_bnc1,BACTERIA,0.1194435746,0.07370196765,0.02709154557,0.05381925768,0.008337335958,0.03120745427,0.06345227923,0.08489104524,0.02002043223,0.05497927657,0.1002268649,0.03232636203,0.02490991525,0.03804971568,0.05137451617,0.05648874001,0.0512607754,0.01289518924,0.02267072936,0.07285302294
methylobacterium_4-46,BACTERIA,0.1502821269,0.08804078298,0.01913971611,0.05235519797,0.008325250952,0.02708131274,0.05510193356,0.09223326947,0.01893952786,0.04075574645,0.108226829,0.02100352121,0.01925629351,0.0327682833,0.06139472439,0.04739683617,0.04979431733,0.01260230384,0.01965619222,0.07564583403
methylovorus_sip3-4,BACTERIA,0.1049290144,0.05562495518,0.03622017913,0.05379558833,0.008221981732,0.04538521071,0.05747358979,0.07298413728,0.02385027665,0.05727663045,0.1067947759,0.04488424893,0.02689244201,0.0364289132,0.04544194356,0.06002228638,0.05286003149,0.01300573858,0.02836963701,0.06953841938
mycobacterium_jls,BACTERIA,0.1308886874,0.07525217538,0.02112587837,0.06459929784,0.008105694704,0.02853455078,0.05394053147,0.08881894873,0.02206273629,0.04070781489,0.09747605123,0.02069599442,0.02049470381,0.03030815666,0.05901348326,0.05203041201,0.06072927162,0.01516478528,0.02114622157,0.08890460431
mycobacterium_kms,BACTERIA,0.1311196825,0.07579506247,0.02119628928,0.06456707007,0.008190362315,0.02902763057,0.05359299399,0.08833061986,0.02229780742,0.04046531206,0.0971484885,0.02074413092,0.02047460499,0.02994339435,0.05917447017,0.05245401279,0.06088424278,0.0153281166,0.02111251771,0.08815319063
mycobacterium_mcs,BACTERIA,0.1308331532,0.07597676398,0.02112146924,0.06481187084,0.008126041476,0.02878782489,0.0538292103,0.08860772655,0.02226740034,0.04045891968,0.09705883158,0.02085167744,0.02036517661,0.03002131519,0.05915171548,0.05224384144,0.06071081657,0.015200278,0.02111873302,0.08845723417
n.aromaticivorans,BACTERIA,0.1318016021,0.07316144254,0.02615131426,0.05825001471,0.008771291534,0.0305311543,0.05651061906,0.09074350455,0.02019076843,0.04681737816,0.09725056277,0.03039723555,0.02486089479,0.03611781135,0.05320754775,0.05268890286,0.05180643244,0.01485182238,0.02194100143,0.07394869905
n.equitans,ARCHAEA,0.05187042291,0.03899848255,0.05262914825,0.04969321106,0.008121659959,0.02216137758,0.07877548328,0.05302500495,0.01343273735,0.1045589497,0.1042290691,0.108240417,0.01705482615,0.04436234083,0.04002111236,0.04627564822,0.04105033978,0.009619317807,0.05646236063,0.05941809065
n.europaea,BACTERIA,0.09252153044,0.06408509681,0.03575240928,0.05344924565,0.009743384623,0.04318713048,0.06021399198,0.07178105821,0.02509155907,0.06394260215,0.106586003,0.04107095984,0.02439033536,0.03920227991,0.04570828594,0.05993900229,0.05468044948,0.01337199855,0.02835643663,0.06692624027
n.eutropha,BACTERIA,0.09303215588,0.06097353035,0.03644265709,0.05212084316,0.01015741338,0.0440487182,0.05938840802,0.07082654973,0.02502093498,0.06625811349,0.106996389,0.04389588967,0.02498178057,0.03875655679,0.04478002165,0.05994288507,0.05424402295,0.01328597754,0.02833264076,0.06651451176
n.farcinica,BACTERIA,0.1415924088,0.08223899814,0.01790089152,0.06110123599,0.007519997115,0.02699371928,0.05564564539,0.08921333014,0.02237863326,0.03731097927,0.10141629,0.01813846,0.01831186379,0.02823724183,0.06203454076,0.04662281548,0.06145334643,0.01468947466,0.02030521187,0.08689491625
n.gonorrhoeae,BACTERIA,0.1026856887,0.05780618345,0.03964655811,0.05238285031,0.01117761772,0.03852025565,0.06189325571,0.07919703354,0.02172536013,0.0573684735,0.09738512783,0.05632046063,0.02510070888,0.04198279053,0.04358416842,0.05403404885,0.05035977623,0.01152992086,0.02939418095,0.06790554006
n.gonorrhoeae_nccp11945,BACTERIA,0.1015137842,0.0581860818,0.04047686702,0.05199730217,0.01153292512,0.03859400419,0.06069500432,0.07875549949,0.02155300274,0.05680281774,0.09588393072,0.0573430089,0.02565283507,0.04240032224,0.04427225634,0.05533680763,0.05089193991,0.01174993833,0.02983541343,0.0665262586
n.hamburgensis,BACTERIA,0.1216027322,0.07573914423,0.02819817301,0.0581394646,0.008729193269,0.03173427831,0.05256329855,0.08148304861,0.02134583563,0.05319420623,0.09596370203,0.03770938957,0.02337682944,0.03644304075,0.05225275597,0.05777754271,0.05490030148,0.01325888371,0.02211576967,0.07347241007
n.maritimus,ARCHAEA,0.06078765042,0.03408694948,0.04906000567,0.06146631012,0.009547830315,0.03220088327,0.07311697257,0.06471374742,0.01772010859,0.08450224869,0.08446375755,0.08351768567,0.02588225761,0.04404400146,0.03901989385,0.07203922045,0.05749969612,0.008921842713,0.03082533123,0.06658360682
n.meningitidis,BACTERIA,0.1012374527,0.05499994142,0.04116584678,0.05272522458,0.01058521652,0.04006112778,0.06154958598,0.07762994257,0.02211111799,0.05856517089,0.09846895991,0.05653148365,0.02448124237,0.04103361526,0.04181361382,0.05542509085,0.0523854398,0.01175688817,0.02973702667,0.06773601233
n.meningitidis_053442,BACTERIA,0.1004505236,0.05552908155,0.04025212563,0.05298408592,0.01083630511,0.03969180766,0.06219878545,0.07648252977,0.02243890178,0.05814215319,0.09932988764,0.05649960114,0.02478839705,0.04174456134,0.04253179935,0.05501938421,0.05159638255,0.01180507917,0.03009658066,0.06758202723
n.meningitidis_a,BACTERIA,0.1021432776,0.05450867426,0.04000936341,0.05297489174,0.01023511593,0.03971937719,0.06245359784,0.07716952489,0.02199527986,0.05813175506,0.09962598766,0.05640930681,0.02497549966,0.04109069756,0.04199035359,0.05464318594,0.05178524948,0.01190515704,0.02970786509,0.06852583934
n.meningitidis_alpha14,BACTERIA,0.1027138703,0.05475526848,0.03999836567,0.05308718954,0.01036376201,0.0395329379,0.06220744223,0.07815278466,0.02197991555,0.05766330386,0.09953226285,0.05515141502,0.02487729228,0.04116904088,0.04231839879,0.05453854257,0.05184368022,0.01194834818,0.0293859018,0.06878027723
n.meningitidis_fam18,BACTERIA,0.1006500723,0.05466284124,0.04050897825,0.05301970735,0.01032729312,0.03977204723,0.06211080296,0.07711957432,0.02217461332,0.05842614789,0.09905652312,0.05636923835,0.02503684655,0.04141176149,0.04213501397,0.05529889306,0.05169630919,0.01187638709,0.03024494835,0.06810200083
n.multiformis,BACTERIA,0.09897074006,0.06571412063,0.0341625775,0.0507347418,0.009514194978,0.0373688623,0.06303113291,0.07810099852,0.02331833578,0.05773275,0.1049123423,0.04198041779,0.0251237107,0.03919713146,0.04871023624,0.06051930694,0.05098112751,0.0130213756,0.02756140292,0.0693444941
n.multipartita,BACTERIA,0.1385953817,0.07846126674,0.01787364475,0.06231505062,0.007210533213,0.03083163838,0.04657391423,0.09235817936,0.02081916124,0.04018094701,0.1023934458,0.01718939614,0.01771241048,0.02756308362,0.06221477772,0.05237549923,0.06290187499,0.01523977188,0.01874476558,0.08844525726
n.oceani,BACTERIA,0.09477353252,0.06599220785,0.0318544121,0.04705343662,0.009992829126,0.04462683722,0.06607087566,0.07607479897,0.02422565156,0.05856919389,0.1127350075,0.04189766931,0.02167298194,0.03947308704,0.04959501206,0.05647441128,0.04964846583,0.01482888238,0.02875611062,0.06568459654
n.pharaonis,ARCHAEA,0.113860225,0.06382565009,0.02216075571,0.0874654099,0.007759606539,0.02598890929,0.08843885467,0.08400548824,0.01972410558,0.04202948043,0.08755291055,0.01898885703,0.01737981725,0.03250527738,0.04606423277,0.05272765057,0.06375151759,0.0105912249,0.02640818326,0.08877184326
n.profundicola,BACTERIA,0.06241017126,0.03151197043,0.05797525296,0.05421759768,0.008088675277,0.02312122046,0.07657689725,0.0569574344,0.01565785904,0.09541327474,0.09457824023,0.1035577473,0.0232943843,0.05424068619,0.03243166282,0.05180677225,0.04569793685,0.007157438637,0.04261946862,0.06268530936
n.punctiforme,BACTERIA,0.0805096555,0.04953636403,0.04555890069,0.04865726205,0.009520450733,0.05494129285,0.0630695454,0.06588490818,0.01800653735,0.06867145499,0.1102550428,0.04983054492,0.017338179,0.03968732528,0.04561868307,0.06604189067,0.05698636618,0.01386994108,0.03051309621,0.06550255903
n.risticii,BACTERIA,0.07088982261,0.04973039887,0.04093810878,0.04831395141,0.01679501982,0.02816627585,0.06623181333,0.06706898536,0.01952475609,0.07255623138,0.1045274739,0.06618420165,0.02284567071,0.04942885823,0.03541118636,0.0792456723,0.04852820397,0.006971143355,0.03048734521,0.07615488079
n.sennetsu,BACTERIA,0.0694056482,0.05029991328,0.04148833715,0.04726281675,0.01717158397,0.02763757847,0.06456227846,0.06632459369,0.02025263848,0.07360163684,0.1051834446,0.06656036829,0.02330971591,0.05017603171,0.03456695399,0.0797157917,0.0478422628,0.00700530293,0.03121815544,0.07641494731
n.thermophilus,BACTERIA,0.06036186046,0.04005452632,0.04987232702,0.05835432042,0.008874749194,0.03822093662,0.08497528592,0.06915893372,0.01853719802,0.08030707157,0.09776555871,0.06919941273,0.02465609253,0.04135423071,0.03643220204,0.060504084,0.0507781816,0.008269752115,0.0358009483,0.066522328
n.winogradskyi,BACTERIA,0.1217433094,0.07932154624,0.02769192588,0.05868589282,0.008374985672,0.03132522265,0.05492430018,0.08145315045,0.02093536097,0.05332796313,0.09542478024,0.0360774276,0.02352967157,0.03648650212,0.05269910309,0.05736823121,0.05355510991,0.0130251849,0.02199748246,0.07205284948
nitratiruptor_sb155-2,BACTERIA,0.06983240699,0.03968474323,0.04251912441,0.05325025508,0.008746723173,0.03374514757,0.07472614325,0.05967701,0.02069915871,0.08500588509,0.09935834652,0.08914162878,0.02356249691,0.05144469976,0.03588967035,0.05425864069,0.04632782412,0.008583201181,0.04069483219,0.062852062
nocardioides_js614,BACTERIA,0.1326566591,0.07930917211,0.01747074872,0.06392896171,0.007575700743,0.02775589714,0.05781176153,0.09249444232,0.02281837573,0.03477645494,0.103013401,0.01853789851,0.0183809831,0.02765024494,0.0565176783,0.05111128616,0.05999294818,0.0152489266,0.01983073141,0.09311772781
o.anthropi,BACTERIA,0.1126874658,0.06474133784,0.03139175001,0.05642633229,0.007800169179,0.03237232754,0.05881076778,0.08240301206,0.01980063359,0.05924997097,0.09906818596,0.04144167455,0.02587848933,0.0395647775,0.04725083346,0.05832777695,0.05342886998,0.01279726659,0.02389875769,0.07265960094
o.carboxidovorans,BACTERIA,0.1237531679,0.07115543067,0.0278480222,0.05550039085,0.008402998551,0.0314157142,0.05502457611,0.0814258643,0.02057393546,0.05468378987,0.09795445589,0.0380027171,0.02449894779,0.03708323727,0.05242596626,0.05600468099,0.05492169724,0.01276432749,0.0221740692,0.07438601068
o.iheyensis,BACTERIA,0.06503301552,0.03754496535,0.04810482453,0.05472561065,0.006043186386,0.04037795455,0.07656241712,0.06694950717,0.02136431416,0.0854543097,0.0941428636,0.06420787304,0.02814030566,0.04455867647,0.03507346715,0.06205267945,0.05490537384,0.01014630562,0.036258136,0.06835421402
o.oeni,BACTERIA,0.07406792549,0.03904967443,0.05359108209,0.05641328341,0.003340732133,0.04014822193,0.05334103956,0.06435315843,0.01861177208,0.08252633132,0.09949643075,0.0753939707,0.02335643152,0.05062541375,0.03326590383,0.07088295755,0.05337793108,0.01006933556,0.03421688525,0.06387151913
o.terrae,BACTERIA,0.1246421246,0.07614494482,0.02795903545,0.05051929705,0.008971542134,0.03487938558,0.05539757665,0.0801019553,0.02196223481,0.04337148011,0.1052874918,0.02969496643,0.01796474777,0.03962711404,0.05619684602,0.05362572986,0.05815055225,0.01618206923,0.02371868911,0.07560221697
o.tsutsugamushi,BACTERIA,0.06025598645,0.03352645406,0.07034697937,0.04902250755,0.01480882208,0.04051185692,0.055320679,0.04705360405,0.02119978426,0.101092611,0.1016899513,0.08066704943,0.02199430497,0.04380302846,0.02819678596,0.07448776612,0.05101170903,0.007750926458,0.04045096299,0.05680823054
o.tsutsugamushi_ikeda,BACTERIA,0.06131315675,0.03711564365,0.06952088604,0.04750970259,0.01432705413,0.04083080526,0.05753404399,0.04797534684,0.02119180946,0.09694993025,0.1003133606,0.08430159358,0.02255476816,0.0429212082,0.0275489526,0.07388954839,0.05037951005,0.00842556287,0.03964970762,0.05574740898
p.abyssi,ARCHAEA,0.06659814815,0.05738888889,0.03341666667,0.04616111111,0.005509259259,0.0166962963,0.08846851852,0.07259259259,0.01502222222,0.08489074074,0.1024759259,0.07801481481,0.02403148148,0.04353888889,0.04247777778,0.04969074074,0.04194814815,0.01180555556,0.03837962963,0.08089259259
p.acnes,BACTERIA,0.1104280226,0.06827020379,0.02540494212,0.06214734499,0.01092533262,0.03056179362,0.05241377138,0.08517926917,0.02530387886,0.04977562643,0.09322758003,0.02927028386,0.02472243696,0.02909178251,0.05296240053,0.06207121941,0.0632866036,0.01633156101,0.02002627645,0.08859967004
p.aerophilum,ARCHAEA,0.09892415408,0.06546711473,0.02604840087,0.04295912517,0.00871380303,0.02083994047,0.06994675661,0.07674702984,0.0151130736,0.06290100266,0.1056908834,0.0568082018,0.01926947379,0.03633114586,0.049844783,0.0493431485,0.04405387768,0.01474104072,0.04307195482,0.09318508941
p.aeruginosa,BACTERIA,0.1165375198,0.0762453065,0.02643035879,0.05322625297,0.01003502152,0.04257842212,0.06089066998,0.08447576581,0.02171011431,0.04173392787,0.1245094166,0.0286966782,0.02059791914,0.03554777897,0.05078415404,0.05519960651,0.0417032874,0.01487298989,0.02538535762,0.06883945202
p.aeruginosa_lesb58,BACTERIA,0.1164883275,0.0761195452,0.02648433577,0.05338432418,0.01007352468,0.04268294253,0.06094127039,0.08433370675,0.02166235305,0.04197782671,0.1234071155,0.02896279986,0.02071052394,0.03537940536,0.05076061344,0.05549349094,0.0421766395,0.014935682,0.025352236,0.06867333668
p.aeruginosa_pa14,BACTERIA,0.1164934657,0.07623775626,0.02649022303,0.05324294972,0.0100713907,0.04297545333,0.06081026132,0.08377830279,0.02176155402,0.04176845118,0.1241580581,0.0288831241,0.02061271444,0.03541225944,0.05083306311,0.05554474658,0.04217301565,0.01494263523,0.0253079271,0.0685026482
p.aeruginosa_pa7,BACTERIA,0.1165264133,0.07720990897,0.02652339472,0.05320587473,0.010187068,0.0427159328,0.06053807543,0.08391596625,0.02185893213,0.04183535487,0.1231896399,0.02911108029,0.0208192689,0.03529093234,0.05113164717,0.05529233963,0.04224275601,0.01497084456,0.025165051,0.06826951905
p.aestuarii,BACTERIA,0.0839451754,0.05803061031,0.03636007494,0.05707387143,0.0114675415,0.03404151554,0.06643472189,0.07358361338,0.02205829445,0.06625216865,0.100129786,0.05028742142,0.02637028193,0.0428360512,0.04185932474,0.06772858464,0.05150000133,0.01070801342,0.03065561931,0.06867732849
p.arcticum,BACTERIA,0.09358341087,0.04457532661,0.04558040409,0.06083956345,0.008896484059,0.04718514963,0.05548478096,0.06633089008,0.02250866774,0.06769210845,0.09885514075,0.05129555049,0.02784092749,0.03635734023,0.03984132727,0.06480215881,0.05957969744,0.01144014651,0.0304211894,0.06688973568
p.arsenaticum,ARCHAEA,0.1018044673,0.0666964331,0.02360707002,0.04417207614,0.008681330723,0.02128136311,0.06894527065,0.07761678827,0.01558812418,0.05587420902,0.105597234,0.05352560486,0.02004981789,0.03540079192,0.05145994534,0.04856834912,0.04495876041,0.0144416259,0.04229613674,0.09943460135
p.asymbiotica,BACTERIA,0.07911215933,0.05055818596,0.04687554389,0.05222262083,0.01126388361,0.04690680088,0.05890948614,0.06867090294,0.02326870003,0.06992260342,0.1052216938,0.05216081723,0.02478821611,0.0394612431,0.04211027325,0.06485044594,0.05361355701,0.01334247364,0.03251295567,0.06422743725
p.atlantica,BACTERIA,0.08851356614,0.04400433987,0.04500269899,0.05842717148,0.009815071933,0.0477574182,0.05783366142,0.06818181818,0.02305826872,0.06192377827,0.1011283405,0.05054302142,0.02511675498,0.04282470506,0.0394046369,0.06909625337,0.05475197456,0.01243349867,0.0310666262,0.06911639511
p.berghei,EUKARYA,0.02516688909,0.02708242646,0.1212004273,0.0543921686,0.0182593561,0.02746080863,0.06760619043,0.03209518477,0.02081961086,0.1014755115,0.08270961728,0.1122610143,0.02000879193,0.05300643787,0.0231167522,0.07110971579,0.04255170626,0.005783841757,0.05564365779,0.03824989117
p.calidifontis,ARCHAEA,0.1083387269,0.06863797271,0.02161127769,0.04306239846,0.008711215608,0.02081379529,0.07006947838,0.07882032045,0.01582416421,0.04870751714,0.1074009008,0.05132946755,0.01860957375,0.03557134743,0.05192716658,0.04585606351,0.04320934656,0.01462051065,0.04119830399,0.1056804523
p.carbinolicus,BACTERIA,0.09470381413,0.06748223186,0.03051922874,0.05538615591,0.014260627,0.03924801614,0.06303078556,0.07859108431,0.02252450648,0.05543979913,0.1107798407,0.04338230865,0.02518313984,0.03955669994,0.04624986824,0.05492501242,0.04943928717,0.01111355799,0.02627388535,0.07191015043
p.carotovorum,BACTERIA,0.09680848244,0.05613394962,0.03796700396,0.05300596588,0.009975596426,0.04747916886,0.05476729219,0.07246292727,0.02268952165,0.058933162,0.1095926029,0.04083068132,0.02582180306,0.03807229675,0.04423872955,0.06306679932,0.05568054598,0.01389578306,0.02880151736,0.06977617045
p.chabaudi,EUKARYA,0.02793649488,0.02753797399,0.1147664433,0.05722110841,0.01791107971,0.02807678866,0.06778605956,0.03361208157,0.02095426459,0.0963046474,0.08355486406,0.1108187422,0.02089439629,0.05151991541,0.02463472224,0.071909759,0.04389283863,0.005680635816,0.05535942076,0.03962776345
p.cryohalolentis,BACTERIA,0.09154329665,0.04363144296,0.04625367656,0.05981356901,0.008961635227,0.0466381306,0.05519895204,0.06609454297,0.02252737044,0.06850643698,0.1006743721,0.05183936132,0.02781741121,0.03723595078,0.03990025229,0.06600807003,0.05846038429,0.01162009398,0.0309853592,0.06628969137
p.denitrificans,BACTERIA,0.1324878717,0.07809778731,0.02280809156,0.056416584,0.00883404418,0.03231003861,0.05706865978,0.09068221688,0.02097911395,0.05017818129,0.1043903693,0.02475672192,0.027106094,0.03464864827,0.05602850394,0.0485226685,0.04942164676,0.01476793383,0.020272593,0.07022223123
p.distasonis,BACTERIA,0.06947261979,0.04775684202,0.04964902499,0.05555205408,0.01181298417,0.03295598181,0.06508292152,0.0685798585,0.01808032081,0.06976004876,0.09346151049,0.0644997524,0.02737224129,0.04671447915,0.03906748347,0.06306884097,0.05504507094,0.0124030793,0.04451893741,0.06514594812
p.entomophila,BACTERIA,0.112443685,0.06732092644,0.02889644133,0.05447365409,0.01021535588,0.0477270675,0.05674437224,0.08195405994,0.0239316898,0.04352439843,0.1204142048,0.03196720227,0.02202907186,0.03523984317,0.04931737542,0.05443971985,0.04729224913,0.01465211367,0.02534024825,0.07207632098
p.falciparum,EUKARYA,0.01951498012,0.02638457736,0.14443392,0.06483510765,0.01764334136,0.02767353376,0.07161013472,0.02825046184,0.02420370915,0.09244159166,0.07555831427,0.1174426424,0.02195203841,0.04358083698,0.0198915095,0.06371327525,0.04077475487,0.004912895368,0.05701705666,0.03816531867
p.falciparum_dd2,EUKARYA,0.01968892268,0.02706862551,0.1444384844,0.06565037336,0.01758553545,0.02791351715,0.07160489461,0.02901973575,0.02437021187,0.09081046068,0.07479026711,0.115362095,0.02262279256,0.04210343963,0.0208527773,0.06466532139,0.04163023481,0.004984205766,0.05625766706,0.03858043794
p.falciparum_hb3,EUKARYA,0.01965421272,0.02659576733,0.1439854405,0.0652052214,0.01769911504,0.02778537561,0.0714720172,0.02860700621,0.02422240433,0.09184169775,0.07542531623,0.1171523369,0.02195919519,0.04323219047,0.02003895295,0.06417046706,0.04106503334,0.00512933764,0.0566776111,0.03808130099
p.fluorescens,BACTERIA,0.1117741971,0.06479660129,0.02957921373,0.05150480651,0.01041258459,0.05083506677,0.05467481213,0.08073669455,0.02295655123,0.046129163,0.1220598282,0.03193527957,0.02200607652,0.03597671337,0.05030282009,0.06001356726,0.04576986056,0.01477403709,0.02541849152,0.06834363493
p.fluorescens_pfo1,BACTERIA,0.107614021,0.06201083058,0.03212816102,0.0542413365,0.009555172147,0.04462166564,0.05687694114,0.0788408333,0.0226161614,0.04912981354,0.1161569795,0.03646049792,0.02295581994,0.03734319401,0.04874958323,0.05909694521,0.05097218805,0.01433535897,0.02541561358,0.07087888338
p.fluorescens_sbw25,BACTERIA,0.109081886,0.06139979719,0.03143330737,0.05350011451,0.009713602438,0.04534608145,0.05479051235,0.07851681222,0.02302205533,0.04877789906,0.1162266453,0.03638835859,0.02335529257,0.03682773452,0.04875160344,0.05959448327,0.05126928963,0.01439709161,0.02545942036,0.07214801279
p.furiosus,ARCHAEA,0.0656016466,0.05341741267,0.03482158983,0.04364583085,0.00599244172,0.01751047016,0.08905514682,0.07133339922,0.01516597206,0.08700200714,0.1010281033,0.08098571151,0.02267824831,0.04431885174,0.04288761744,0.04936906421,0.04416550521,0.01235291512,0.04000811033,0.07865995577
p.gingivalis,BACTERIA,0.07758837815,0.06057661512,0.04035124269,0.05396438444,0.01173348342,0.03312645172,0.06716086082,0.06916956104,0.02131367751,0.06768169253,0.09798010578,0.05645193889,0.02762273749,0.04441217534,0.04078656472,0.06431416569,0.05286830576,0.01030935849,0.03894111026,0.06364719015
p.gingivalis_atcc33277,BACTERIA,0.07783095519,0.06054359682,0.04048853965,0.05413856302,0.01166143549,0.03312482841,0.06718310591,0.06926667112,0.02130015063,0.06787614362,0.097218203,0.05698491493,0.0274395447,0.04451320408,0.04058796904,0.0641156349,0.05322737425,0.01020561108,0.03883682449,0.06345672966
p.guilliermondii,EUKARYA,0.06352107882,0.04717621327,0.0498037327,0.0574969039,0.01224497925,0.03925056309,0.06450531225,0.05501242061,0.02318163054,0.05959790552,0.1005250693,0.06507057656,0.02098394374,0.04421880545,0.04704838605,0.08474727869,0.05713080383,0.01113400494,0.03401181949,0.06333857196
p.haloplanktis,BACTERIA,0.08951826444,0.03976241411,0.04998777685,0.05383918985,0.00996119932,0.04824340285,0.05694646796,0.06424543736,0.02199809623,0.06755956885,0.1050322682,0.05847772028,0.02374426116,0.04302192198,0.03663364475,0.06628979353,0.0555701318,0.01100800281,0.03175960592,0.06640083171
p.heparinus,BACTERIA,0.07840075455,0.0391577334,0.05690510861,0.05218919831,0.007600015552,0.03601588359,0.05548531859,0.07086909461,0.01722185222,0.070665282,0.09597002888,0.07161787079,0.02303646929,0.0479712179,0.03854943114,0.06273226799,0.05801510346,0.01224568889,0.04194087302,0.06341080721
p.horikoshii,ARCHAEA,0.06365843116,0.05569953148,0.0347244386,0.04444144537,0.005757618312,0.01652146477,0.08713025494,0.07127446349,0.01474512007,0.08803119363,0.1023586721,0.08035315338,0.02415026344,0.04424447901,0.04275264126,0.05242223021,0.0433982532,0.01187634161,0.0390175756,0.07744242838
p.ingrahamii,BACTERIA,0.08318065474,0.04001312073,0.04821867426,0.05358083694,0.01091637746,0.0444643106,0.05863282697,0.06541923444,0.02087759313,0.0737658528,0.1075126363,0.06125612272,0.02431838499,0.04376408524,0.03631909202,0.06741113766,0.05381707802,0.01139055919,0.03092973612,0.06421168561
p.islandicum,ARCHAEA,0.09138580602,0.06854833374,0.02503785451,0.04450670039,0.008824213278,0.021126694,0.06995476362,0.07445949803,0.01542535997,0.06629124063,0.1058414099,0.05709462589,0.01949153023,0.03550668338,0.05007948975,0.0475199386,0.04730821797,0.01354633941,0.04265792563,0.09539337503
p.knowlesi,EUKARYA,0.03869272502,0.04528917065,0.08293403123,0.05762174981,0.0193907544,0.03220098488,0.07723432872,0.05623494184,0.02603874319,0.06462703258,0.08106174601,0.09633660331,0.02325298357,0.0434910968,0.03043016684,0.07799506265,0.0468786431,0.006629908205,0.04218578639,0.05147354082
p.lavamentivorans,BACTERIA,0.1230768706,0.07050891848,0.02633427625,0.05664738209,0.008066785,0.02821328641,0.06509610745,0.08669023102,0.02059579286,0.05142639378,0.09870515398,0.03622721359,0.02582445407,0.03811730684,0.05115954706,0.05255004868,0.05170943887,0.01355717767,0.02368456501,0.07180905028
p.luminescens,BACTERIA,0.07970633991,0.05123722738,0.04664642399,0.05233046218,0.01104128005,0.047203478,0.05914230643,0.06809235094,0.02386265423,0.06907926278,0.1053210399,0.05193126188,0.02428338003,0.03920577405,0.04204322713,0.0649033146,0.05411120859,0.01356433028,0.0326894163,0.06360526136
p.luteolum,BACTERIA,0.09584927634,0.06444946501,0.03043645181,0.05262226459,0.009953287768,0.02963436582,0.06702841411,0.08133465968,0.02120675408,0.06026777113,0.1024800442,0.04290018311,0.02780612354,0.04115471839,0.04585448562,0.06654173916,0.05299048201,0.01058125545,0.02754209167,0.06936616653
p.marina,BACTERIA,0.05537117035,0.04666558656,0.04237936583,0.0569704825,0.007425492426,0.02327745098,0.08174778992,0.06496062676,0.01508679116,0.0935461258,0.09283068626,0.09178479707,0.01998739158,0.04991554284,0.03676332586,0.05676194632,0.04565498811,0.008039872119,0.04243069781,0.06839986975
p.marinus,BACTERIA,0.06904251017,0.04931110341,0.04976191904,0.04938656182,0.01220684891,0.0366611782,0.0643350663,0.0687948518,0.01814484532,0.07817491259,0.1152366008,0.06602223895,0.01949535737,0.0406778874,0.04251984653,0.07718040945,0.04694287024,0.01461184387,0.02446980793,0.05702333987
p.marinus_as9601,BACTERIA,0.05365587559,0.03910973578,0.06512536698,0.0517376815,0.01145758946,0.03019519162,0.06708918511,0.06265770055,0.01499841308,0.09076807109,0.1071193367,0.08606879314,0.01829326351,0.04925612949,0.03626120765,0.07742997699,0.04480679203,0.0125942236,0.02882646989,0.05254899627
p.marinus_med4,BACTERIA,0.05352084802,0.03926346473,0.06562189485,0.05064092257,0.01165988431,0.02997843664,0.06628982316,0.0628862749,0.0151005397,0.09226893597,0.1078106382,0.08569066673,0.01832267534,0.04896904029,0.03625572584,0.07722405696,0.04465224436,0.01252159429,0.02876420894,0.05255812419
p.marinus_mit9211,BACTERIA,0.07159547251,0.05105702133,0.04683329241,0.04965703242,0.01214643844,0.03715416116,0.06405889854,0.07052617405,0.01842955699,0.07449247927,0.1167337288,0.06306286683,0.01977806116,0.03985314968,0.04373034669,0.07682117369,0.0468570546,0.0147186953,0.02410871993,0.05838567615
p.marinus_mit9215,BACTERIA,0.05363327493,0.03940024586,0.06523729782,0.05131014723,0.01182472001,0.03007676001,0.0669118857,0.06194232835,0.01512743323,0.09089430737,0.1074388485,0.08717923898,0.01846886525,0.04995111752,0.03629112662,0.0767929222,0.04403488563,0.01270750854,0.02914363705,0.05163344917
p.marinus_mit9301,BACTERIA,0.05402279162,0.03921126079,0.06492891473,0.05127409393,0.01163561619,0.03035255474,0.06730077483,0.0626134795,0.01497879029,0.0904007174,0.1074249096,0.08605197134,0.018571846,0.04955918063,0.0363215009,0.07732223644,0.0443862283,0.01256259635,0.02837768396,0.05270285248
p.marinus_mit9303,BACTERIA,0.09394421541,0.06296233105,0.03498406929,0.05160781762,0.01318366802,0.0478860237,0.05776716172,0.07726359533,0.02159936621,0.05085129092,0.1231247198,0.03744013586,0.02169723855,0.0333228848,0.05051799594,0.06970097357,0.04770615022,0.01710252921,0.02128855542,0.0660492774
p.marinus_mit9312,BACTERIA,0.05394888035,0.03936442,0.06546126539,0.05139013382,0.01163479421,0.03039893544,0.0668808169,0.06261821369,0.01513332728,0.09138634309,0.1072422793,0.08541593452,0.01830214532,0.04956189363,0.03630813942,0.07709408527,0.0443219914,0.01258840114,0.02883723134,0.05211076845
p.marinus_mit9313,BACTERIA,0.09639703328,0.06502952702,0.03217500472,0.0507581344,0.01320183805,0.04883080317,0.0583608086,0.0784568552,0.02173389726,0.0490821942,0.1251394078,0.03514903679,0.02134081311,0.03254371157,0.05175303345,0.06788167253,0.04717162237,0.01720428797,0.01981570752,0.06797461103
p.marinus_mit9515,BACTERIA,0.05275461561,0.03939606518,0.06562689328,0.05010203756,0.01167453206,0.03007915883,0.06581024202,0.06174866873,0.01540926629,0.09292592711,0.108042234,0.08708467523,0.01862384809,0.04944835943,0.03619941966,0.0770343739,0.04434249546,0.01290217149,0.02911657792,0.05167843819
p.marinus_natl1a,BACTERIA,0.06391011586,0.0455221958,0.05338631684,0.05190171609,0.01144124892,0.03426258343,0.06536320822,0.06770038867,0.01670314843,0.0808690382,0.111448848,0.07216716493,0.01993183069,0.04323505808,0.04078852502,0.07841323797,0.04744606043,0.01422510699,0.02551252087,0.05577168657
p.marinus_natl2a,BACTERIA,0.06470674944,0.04520460275,0.05326332563,0.05234531413,0.01135945934,0.03451872501,0.06537659929,0.06817168308,0.01678729562,0.07998268466,0.1112398566,0.07173737408,0.02011602023,0.04321557783,0.04083285287,0.07829966358,0.04724027458,0.01430008154,0.02553452712,0.0557673326
p.mendocina,BACTERIA,0.1153977458,0.06965481171,0.02751072395,0.05281666566,0.01015286976,0.04793711001,0.06102460725,0.08014509403,0.02260200101,0.04507142341,0.1248585552,0.03111089604,0.02205644004,0.03522878759,0.04900105334,0.0551460718,0.04289381978,0.01459027576,0.02488036438,0.06792068352
p.mirabilis,BACTERIA,0.08147758403,0.04683045615,0.04705396356,0.0516276036,0.01068052355,0.0468730704,0.05879375571,0.06646953951,0.02207070487,0.07298343262,0.1041796756,0.05596208201,0.02582771666,0.04095142845,0.04057398791,0.06361177545,0.05498804192,0.01275818585,0.03327825369,0.06300821846
p.mobilis,BACTERIA,0.05232014173,0.03575292713,0.05718195447,0.05314679,0.005981134983,0.02703809276,0.08069550543,0.06203909688,0.01376813061,0.09249120032,0.09731720721,0.08641821553,0.02279587703,0.05136272423,0.03410897124,0.06316931656,0.04839706517,0.00859184903,0.04270704737,0.06471675232
p.multocida,BACTERIA,0.0857381955,0.04445595498,0.04323886543,0.04903837949,0.01090290679,0.05097105183,0.06098771383,0.06547283106,0.02373399482,0.06858217301,0.1092221855,0.05921223018,0.02424598083,0.04429427519,0.03857859509,0.05666876751,0.05296659965,0.01170980872,0.03230002979,0.06767946083
p.naphthalenivorans,BACTERIA,0.1239177592,0.06461838994,0.0286450301,0.05047833741,0.01023376782,0.04224372424,0.05299346435,0.0800436133,0.02244892001,0.04564292179,0.1078331321,0.0392792635,0.02549969346,0.03591116391,0.05138715946,0.05826361678,0.05140810299,0.01428348394,0.02230612325,0.07256233237
p.necessarius,BACTERIA,0.09847169285,0.04983363264,0.03840652921,0.05161464033,0.01010061088,0.0400516764,0.05813841468,0.07606706074,0.02068537919,0.06385690678,0.1035084122,0.05639198966,0.02665336057,0.03994792837,0.04551079844,0.06217470673,0.04972247404,0.01265231815,0.0265100895,0.06970137861
p.pastoris,EUKARYA,0.05507248431,0.04556948203,0.05344912595,0.05919360559,0.01169234796,0.04197683786,0.06790597608,0.0512193526,0.02130204593,0.0634064185,0.1013346548,0.06953350224,0.01854129478,0.04460380262,0.04487554322,0.08918634945,0.05683838144,0.01032655968,0.03330197758,0.06067025737
p.patens_patens,EUKARYA,0.07361808358,0.06235356738,0.03869320757,0.0526897143,0.01783644227,0.04082239079,0.06963455678,0.06750384028,0.02424047466,0.04945059284,0.09490324609,0.05840223938,0.02429827915,0.03706203227,0.04782792722,0.08061718025,0.05284196858,0.01384517243,0.02573449845,0.06762458574
p.pentosaceus,BACTERIA,0.07390321375,0.03927690583,0.05239723468,0.05887892377,0.004090059791,0.04275224215,0.06136023916,0.06678998505,0.01973281016,0.07738415546,0.09326793722,0.06901345291,0.02753923767,0.04319880419,0.03409379671,0.06174887892,0.05889573991,0.009736547085,0.03464872945,0.07129110613
p.phaeoclathratiforme,BACTERIA,0.08377330531,0.05491572576,0.03839405956,0.05173068589,0.01124666235,0.03471507057,0.06852146116,0.07019319935,0.02182229947,0.06717708076,0.10444927,0.056130794,0.02478366426,0.04436105817,0.04137289897,0.06601094144,0.05214075686,0.01098803804,0.03079143697,0.06648159108
p.profundum,BACTERIA,0.08362588175,0.04527017402,0.04485204173,0.05516693283,0.01150469375,0.04460231582,0.05965046447,0.06660241848,0.02294940715,0.06704015973,0.1028588137,0.05460173332,0.02745427795,0.04098965281,0.03818614788,0.06678466648,0.05641325543,0.01284041015,0.0306476552,0.06795889731
p.propionicus,BACTERIA,0.09294665829,0.06951749205,0.0324233279,0.05244672642,0.01371176272,0.03412701804,0.06464427708,0.07833588255,0.02077889198,0.05936630467,0.1063044598,0.04327679361,0.02630842678,0.03932113632,0.04560052054,0.06223266457,0.05207502687,0.01043338878,0.02683412766,0.06931511334
p.putida,BACTERIA,0.1118770306,0.06621223816,0.02967266339,0.0531605069,0.01040582201,0.0470340238,0.05642624437,0.08060795893,0.02360844357,0.04560477285,0.1173012287,0.03371753334,0.02338687602,0.03562581896,0.04910722299,0.05623328427,0.04781932652,0.01447537291,0.0253293784,0.07239425338
p.putida_f1,BACTERIA,0.1123434096,0.06569812328,0.02960986886,0.05327216217,0.01025265533,0.04712147926,0.05623627816,0.08096644973,0.02349218378,0.04546703601,0.1178824947,0.03303709241,0.02343187739,0.03551136121,0.0491428812,0.05607527148,0.04786051701,0.01444053591,0.02548115681,0.07267716567
p.putida_gb1,BACTERIA,0.1127519304,0.06544642684,0.0300465613,0.05337977475,0.009991174656,0.04759377965,0.05616791946,0.08115277251,0.02319654511,0.04505683909,0.1180205777,0.03340240525,0.02302391143,0.03568316185,0.04859859624,0.05597702644,0.04795675305,0.01452446889,0.02569475376,0.07233462163
p.putida_w619,BACTERIA,0.1125817765,0.06570302311,0.02951981092,0.05330838195,0.01034341739,0.04724259515,0.0565618654,0.08082442673,0.02335324991,0.04590440747,0.1179550336,0.03341485107,0.0235243317,0.03521941239,0.04862706865,0.05625954279,0.04795152995,0.01445934054,0.02522460344,0.07202133132
p.staleyi,BACTERIA,0.1062762117,0.06326137495,0.02841070223,0.05440719384,0.01054724183,0.03961399801,0.06213889438,0.07541959999,0.02062013231,0.04959688626,0.1037629421,0.04012967113,0.02207205499,0.03449122988,0.05581722869,0.0668020285,0.05794275292,0.01415299133,0.02374586995,0.07079099502
p.stipitis,EUKARYA,0.05879344012,0.04248500497,0.05746167549,0.05928118275,0.01048873909,0.03809986661,0.06638649145,0.05251572052,0.02118830886,0.06638893891,0.09463430666,0.06854060064,0.0178080252,0.04562159214,0.04385278214,0.09251096547,0.05690050925,0.01027406241,0.0355293406,0.06123844671
p.stutzeri,BACTERIA,0.1129667314,0.07257729651,0.02744066743,0.05341845104,0.01046399995,0.0455724757,0.0612570641,0.07963035495,0.02311533149,0.04640367643,0.1199601554,0.03103419335,0.02314478059,0.03558260619,0.04947079975,0.05487986241,0.04534571766,0.01431962282,0.02454655755,0.06886965536
p.syringae,BACTERIA,0.106238967,0.06358650176,0.03192254331,0.05459001614,0.009817587009,0.04568476401,0.05641792495,0.07659024288,0.022924978,0.04973952569,0.1136666685,0.03760709138,0.02391343076,0.03630391008,0.04798125665,0.06155129319,0.05115445452,0.0139500861,0.0255739882,0.07078476995
p.syringae_b728a,BACTERIA,0.1069138886,0.06305139082,0.03167793908,0.05547297689,0.009538164195,0.04543840266,0.05678660616,0.07732740043,0.02265250679,0.04972880366,0.1143746725,0.03565709886,0.02390929092,0.03629646598,0.04787148721,0.06209290297,0.05073681995,0.01372050314,0.02556961926,0.07118305992
p.syringae_phaseolicola,BACTERIA,0.1061020047,0.06339290539,0.0322773331,0.05461979058,0.0098062479,0.04501147665,0.05658973281,0.0767372964,0.02250926237,0.05071220988,0.1135400931,0.03739366188,0.02411505308,0.0364862198,0.0476568612,0.06188050192,0.05096711594,0.0140850282,0.02519987219,0.07091733291
p.thermopropionicum,BACTERIA,0.09490693817,0.06507302128,0.0332431125,0.04604256887,0.01271422648,0.03018980927,0.07238206026,0.08464134341,0.01686284898,0.06160854142,0.1030060813,0.05658804017,0.02379871925,0.03901225468,0.04602183728,0.05030060813,0.04509812955,0.009887819036,0.03085897908,0.0777630609
p.torridus,ARCHAEA,0.05611858477,0.04422531446,0.06617673578,0.05864744282,0.006180002928,0.01464064545,0.05661926472,0.06519659113,0.01487825628,0.1107945324,0.08622727051,0.06900260735,0.03063058094,0.04857231961,0.03487150983,0.07439128138,0.04373736367,0.007338355691,0.05443621528,0.05731512499
p.tricornutum,EUKARYA,0.08526947757,0.06155142133,0.03773820011,0.05906593606,0.01574451666,0.04089295018,0.06081684723,0.06394796155,0.02467779192,0.04502713238,0.09439183878,0.04645896099,0.02253253699,0.0374174589,0.05197935894,0.08383619765,0.06129246478,0.01347755838,0.02549529846,0.06838609115
p.ubique,BACTERIA,0.05718044246,0.03116598172,0.06524619757,0.05403095714,0.009568482102,0.02630492395,0.06029391996,0.06315294208,0.01565380627,0.09532234214,0.09393003918,0.1023078622,0.02224083961,0.0521801544,0.03191254417,0.06919745737,0.05113112613,0.009059571363,0.03349928945,0.05662112076
p.vibrioformis,BACTERIA,0.09266288805,0.05963825208,0.03304140995,0.05201615,0.01011974953,0.03032402321,0.06859053175,0.0797569784,0.02086852377,0.0615588742,0.1019858729,0.04669879445,0.02753954049,0.04230568588,0.04418269561,0.06843956582,0.05320878085,0.01015832971,0.027747538,0.06915581529
p.vivax,EUKARYA,0.0526093982,0.0490162711,0.07243414556,0.05480379035,0.01840520743,0.03276731335,0.07709739559,0.06594379134,0.02715823683,0.05595846685,0.08213700241,0.09015972358,0.02017309745,0.04267661963,0.03608410761,0.08075773879,0.04300123069,0.006188148522,0.04018482293,0.0524434918
p.wasabiae,BACTERIA,0.09354301017,0.05620252058,0.03856524186,0.05352526995,0.01040510603,0.04706588279,0.05579003925,0.0718415564,0.02291986017,0.05977383331,0.1090974344,0.04212104247,0.02587562383,0.03857229282,0.04391903802,0.06326194468,0.05462945074,0.01427185411,0.02937995242,0.06923904598
p.yoelii,EUKARYA,0.02519388673,0.02657323502,0.1282903358,0.05942172088,0.01741356962,0.02797447303,0.07114721666,0.03381459169,0.01929431086,0.09634701954,0.0786684068,0.1151792798,0.01901773127,0.04774769552,0.02279015862,0.07210001118,0.04300502103,0.005209458016,0.05363366426,0.03717821369
p.zucineum,BACTERIA,0.1445061899,0.08189051414,0.02062589291,0.05571994292,0.007586392607,0.03068934824,0.0606996771,0.09248321658,0.01815891847,0.0391355734,0.1007664771,0.02728261097,0.02110314654,0.0347611365,0.05850586246,0.04553154802,0.04792247228,0.01433468128,0.02101545603,0.07728094253
paenibacillus,BACTERIA,0.08624545742,0.04824963576,0.0401619999,0.05214371787,0.006925400662,0.03799534631,0.06519069927,0.07568218928,0.01986923071,0.06605156141,0.09911180512,0.05303880535,0.02774485966,0.04135560832,0.04032457022,0.06428135124,0.05578919097,0.01372435774,0.03615050589,0.06996370689
parachlamydia_uwe25,BACTERIA,0.06441276722,0.04124463441,0.04806929704,0.0454780745,0.01352975365,0.04952837328,0.06640461819,0.05413415025,0.02549145441,0.0759552106,0.1171241668,0.0712434841,0.02040436391,0.05098744952,0.0391180762,0.06777288056,0.05166249932,0.01137443771,0.03418688284,0.05187742549
phytoplasma_australiense,BACTERIA,0.04364385082,0.02965776223,0.07274686353,0.04525475804,0.008854655629,0.0530265853,0.06296940343,0.04333447128,0.0186801229,0.09263783392,0.1067519416,0.1122514295,0.01790667406,0.05786464112,0.03269821627,0.0560403687,0.05358133481,0.006347614577,0.03786165401,0.04788981821
phytoplasma_aywb,BACTERIA,0.04347432963,0.02632872764,0.0715040547,0.04396598005,0.01022858919,0.05560170665,0.0591901896,0.04260405188,0.01967731909,0.09434602017,0.1076488373,0.1117459241,0.01882964596,0.05866463225,0.03161255686,0.05460145235,0.0581277726,0.005950665423,0.03879517391,0.04710237066
phytoplasma_mali,BACTERIA,0.03354329364,0.02478801453,0.08254132978,0.04725092118,0.008407169739,0.03923126942,0.06133293049,0.04146442388,0.01591450959,0.1159598295,0.106922122,0.1185016847,0.0174186048,0.06591746524,0.02633151835,0.05860060032,0.04552351052,0.005018029438,0.04139217476,0.04394059809
phytoplasma_oy,BACTERIA,0.04474420923,0.02639400215,0.07105192514,0.04564542108,0.01036872987,0.05891912103,0.06047706703,0.04215082835,0.02060323669,0.08851530143,0.1084665976,0.1081550084,0.01865700261,0.05703999847,0.03260661144,0.05447058598,0.05896705783,0.006327657616,0.03978275042,0.04665688756
polaromonas,BACTERIA,0.1232181857,0.0650722698,0.02742665862,0.05004621651,0.009756495826,0.04005761756,0.0523870757,0.081793609,0.02255832466,0.04577155337,0.1068385863,0.03792378503,0.02590282577,0.03601330802,0.05213106245,0.05705538109,0.05268449429,0.01425043228,0.02272977772,0.07638234033
polynucleobacter,BACTERIA,0.09774836783,0.04711178898,0.04044050866,0.05022074972,0.009591091349,0.04041498846,0.05598231,0.07808880729,0.02053925682,0.06579107363,0.1029139564,0.05451865151,0.02579041311,0.04032041361,0.04617804993,0.06417579514,0.05144121572,0.0129912826,0.02765488884,0.06808639038
psychrobacter_prwf-1,BACTERIA,0.09403586467,0.04261410387,0.04340665989,0.06031774841,0.008356323508,0.0491711437,0.05470088573,0.06782827549,0.02280867335,0.06275833696,0.1003509027,0.05362639756,0.02622089928,0.03629059581,0.0424604327,0.06558128842,0.05917428972,0.01155921785,0.03088548473,0.06785247568
r.africae,BACTERIA,0.06485193578,0.03428362998,0.06399008386,0.04949999677,0.01025506943,0.0319853582,0.06207593335,0.05528118322,0.01852174643,0.09981988263,0.1007398369,0.08320260299,0.02205630766,0.04739539958,0.03327652212,0.06794104546,0.05268917165,0.007411280899,0.03734046056,0.0573825525
r.akari,BACTERIA,0.0653691102,0.03426968104,0.06386622376,0.05033379559,0.01068145903,0.0321895056,0.06179572355,0.05462959977,0.01897636018,0.1006385655,0.1000032251,0.08268133002,0.02287225465,0.04695713871,0.03255393943,0.06745896088,0.05197858548,0.00743380527,0.03762376238,0.05768697391
r.baltica,BACTERIA,0.09263259137,0.0694890787,0.03370121448,0.06230765595,0.01271763579,0.04035143483,0.06016680189,0.07479199632,0.023107521,0.0494551598,0.09329258324,0.03421160241,0.02428917531,0.03699813841,0.05328979064,0.07374823782,0.05854977843,0.01544129476,0.02096753421,0.07049077464
r.bellii,BACTERIA,0.06244866518,0.03250161255,0.06821672691,0.05110744001,0.009719392845,0.03303294245,0.06537678019,0.05341837705,0.017898161,0.09773221901,0.1011893437,0.08765551261,0.02086571971,0.04716770999,0.03254569669,0.06789421662,0.05051346422,0.00751054539,0.03837176388,0.05483370998
r.bellii_osu85-389,BACTERIA,0.0625318765,0.03286957119,0.06761249951,0.05130154184,0.009768919926,0.03306573424,0.06628594688,0.05269920358,0.01808623328,0.09749794029,0.1012520107,0.08896729962,0.02118806152,0.04678243556,0.03250421751,0.06768851269,0.04955323865,0.007466456118,0.03816352152,0.05471477892
r.biformata,BACTERIA,0.08178141416,0.05900423039,0.04205290317,0.05896332109,0.007533819906,0.0353846869,0.06877504533,0.07941518293,0.01908418948,0.06022407141,0.09937892241,0.04717028497,0.02278834085,0.04644507461,0.04494444703,0.05929152527,0.05334944912,0.01227929896,0.03745432569,0.06467946632
r.canadensis,BACTERIA,0.06318245677,0.03448971359,0.06510550695,0.04854919253,0.0103142257,0.03171815665,0.06049088203,0.0546730467,0.01813509341,0.1029127429,0.1011879095,0.08390827781,0.02216897804,0.04746769415,0.03242060898,0.06717808905,0.05235008555,0.00745920908,0.03813411971,0.05815401093
r.castenholzii,BACTERIA,0.1202377004,0.08175838953,0.0253620757,0.05392357057,0.008916319786,0.03547290496,0.05511808004,0.07724878072,0.02201693788,0.05583644743,0.1082683192,0.01838803215,0.02200032084,0.03355683251,0.05891762998,0.04852814575,0.05642954791,0.01537267865,0.02649970377,0.07614758232
r.centenum,BACTERIA,0.134922593,0.0843079779,0.01981682526,0.05876029813,0.007906897413,0.02983471435,0.05648429846,0.09201972163,0.01932259459,0.03984467036,0.1088957554,0.02252279768,0.02140899373,0.03259859823,0.06098393949,0.04528914081,0.05437092686,0.01346084432,0.0196446775,0.07760373489
r.conorii,BACTERIA,0.0646025139,0.03412230884,0.06439674533,0.0495108587,0.01040013169,0.0320881395,0.06156595765,0.05470210589,0.0183721942,0.09976542382,0.1010294308,0.08371253542,0.02269921338,0.04727679989,0.03308758686,0.0674626971,0.05281491411,0.007598739521,0.03815537291,0.0566363305
r.denitrificans,BACTERIA,0.1200790717,0.06300200784,0.02807557292,0.06175632601,0.009576615642,0.03468350756,0.05612398143,0.08428337593,0.02073342331,0.05390814241,0.0983033115,0.03303424034,0.0284729493,0.03917882791,0.04909771501,0.05390891854,0.05681085272,0.01367766411,0.02243934771,0.07285414812
r.erythropolis,BACTERIA,0.1216516526,0.06601429528,0.02384957534,0.06143898072,0.007390413914,0.0284440435,0.05621627471,0.08774261018,0.02050392146,0.04725670268,0.09828666321,0.02533110577,0.02053600373,0.03186726943,0.05255458654,0.06463810962,0.06316950786,0.01430964944,0.02036936747,0.0884292665
r.etli,BACTERIA,0.1189486163,0.06909367495,0.02863303254,0.05646570455,0.00848435886,0.03101316513,0.05805836831,0.08239738599,0.02066863946,0.05733911813,0.09931023962,0.03687567178,0.02525862657,0.03927890201,0.04891868068,0.05888290081,0.05221412491,0.01298141821,0.02336569332,0.07181167785
r.etli_ciat652,BACTERIA,0.1194820236,0.06828250431,0.02860799694,0.05692155332,0.008424150862,0.03115148532,0.05773588247,0.08255689575,0.02041907258,0.05699978107,0.09970452727,0.0367822536,0.02524094419,0.03947078927,0.04907052938,0.05911844931,0.05236587336,0.01280001565,0.02321299841,0.0716522733
r.eutropha,BACTERIA,0.1290311284,0.07112248573,0.02658480223,0.05283833557,0.009878438512,0.03777364586,0.05183317109,0.08495532839,0.02274586896,0.0451235562,0.1025158926,0.02978249357,0.02616030481,0.03475909889,0.05285679198,0.05413359696,0.05313647758,0.0137656424,0.02368761911,0.07731532114
r.eutropha_h16,BACTERIA,0.1336611515,0.07311365385,0.02530488891,0.05223653059,0.01000480716,0.03836934228,0.05132182916,0.08510008277,0.0230470523,0.04344669863,0.1050916529,0.02852554478,0.02528499404,0.03436954771,0.05448418843,0.05135745486,0.05134311205,0.01389356059,0.02374707418,0.07629683334
r.felis,BACTERIA,0.06358251736,0.03397840294,0.06650778029,0.05088143388,0.009818905816,0.03263822434,0.06503154295,0.05478858739,0.0178395686,0.0979577583,0.1004975215,0.08507299551,0.02105055489,0.04600599566,0.03256565968,0.06827200864,0.05265700045,0.007848321715,0.03827105622,0.0547341639
r.ferrireducens,BACTERIA,0.1202393152,0.06150021814,0.02921363515,0.05128095861,0.01024834532,0.04304291507,0.05093463475,0.07969439625,0.02220125339,0.0476648505,0.1092902052,0.03846291731,0.02612851186,0.03658519263,0.04908396663,0.05772379996,0.05354220991,0.01399838337,0.02270315243,0.07646113834
r.leguminosarum,BACTERIA,0.1179472726,0.0674275667,0.02853016678,0.05696668478,0.008171639835,0.03095741759,0.05712037632,0.08255027573,0.02049787991,0.05785836452,0.09950249648,0.03672017791,0.02594026283,0.03952157574,0.04903969678,0.05895123229,0.0533013882,0.01316415017,0.02338082835,0.0724505465
r.leguminosarum_trifolii,BACTERIA,0.1199302374,0.06601793464,0.0289399003,0.05690695459,0.007990442922,0.03102975497,0.0575370362,0.08299535756,0.02003357075,0.05767464602,0.09938604848,0.03729276616,0.02556266288,0.0396749787,0.0483701049,0.0588627279,0.05298583072,0.01291566484,0.02348339357,0.07240998654
r.leguminosarum_trifolii_wsm1325,BACTERIA,0.1184507126,0.0667631719,0.02843167169,0.05736479215,0.008048252617,0.03089728579,0.05762024718,0.08240979244,0.02045248655,0.05791402046,0.09996806812,0.03677890131,0.02557294069,0.03940441133,0.04872237005,0.05909195198,0.05319614452,0.01313133463,0.02318963988,0.07259180415
r.magnifica,BACTERIA,0.06750388357,0.03634371679,0.05680974573,0.05495544109,0.01031804431,0.04174638214,0.05290818412,0.06434142752,0.02168915052,0.09004333252,0.1003482953,0.07470525713,0.02652931077,0.04404872864,0.03139890442,0.0661891914,0.05423595781,0.008964107595,0.03109475922,0.06582617938
r.marinus,BACTERIA,0.1044395669,0.09082333431,0.02308067506,0.05039703444,0.007029558092,0.03806067701,0.07051116964,0.07629499561,0.02223783046,0.04425324359,0.1179211784,0.0217188567,0.01830553117,0.03729392254,0.05869768803,0.0412106136,0.05257438299,0.0158930836,0.03158618671,0.07767047117
r.massiliae,BACTERIA,0.06483055756,0.03500630928,0.06353425953,0.04958183429,0.01019503962,0.03219140122,0.06198120681,0.05489853493,0.01880571498,0.0992388163,0.1003879501,0.08372394488,0.02313923305,0.0468733855,0.033077518,0.06804625342,0.0525658247,0.007508508913,0.03761142997,0.05680227698
r.metallidurans,BACTERIA,0.1248929283,0.07107107009,0.02756537873,0.05338228787,0.00962884759,0.03784720417,0.05145426162,0.08235811836,0.02280222179,0.04629814056,0.1025489194,0.03140671346,0.02622753457,0.03483349801,0.05314533197,0.05532944719,0.05490704755,0.01416436988,0.0238883923,0.07624828661
r.mucilaginosa,BACTERIA,0.116480598,0.0654062823,0.03311589193,0.05038160624,0.009821141328,0.03774581944,0.06475738057,0.08470357923,0.02574250649,0.04473041145,0.09722573977,0.03203575804,0.01987364213,0.0307516445,0.04745059654,0.06365260485,0.05986597578,0.0103413579,0.02435298064,0.0815644829
r.opacus,BACTERIA,0.1272104143,0.07279423955,0.02034056907,0.06338560445,0.007884920712,0.02742353484,0.05497671214,0.0908714674,0.02210819411,0.04147021194,0.09977233621,0.02048433923,0.01931132431,0.03102900792,0.05600554138,0.05717606318,0.06265013282,0.01425817714,0.0203430622,0.0905041471
r.palustris,BACTERIA,0.128038303,0.07005816965,0.0258080452,0.05649683251,0.008508764615,0.03281834745,0.05222065553,0.0836302462,0.01976807947,0.05263191144,0.1006041861,0.0351645908,0.02343842785,0.03638382874,0.05393201074,0.05590047986,0.054648392,0.01279189061,0.02221982165,0.07493701657
r.palustris_bisa53,BACTERIA,0.1284002876,0.07120851488,0.02672078805,0.05688987173,0.008637935965,0.03362820698,0.05304859524,0.08238968034,0.01991655048,0.05291038317,0.1009336639,0.03512497365,0.023251474,0.03630646393,0.05271548504,0.05715355743,0.05307789365,0.01266901521,0.02152605234,0.07349060636
r.palustris_bisb18,BACTERIA,0.1308303774,0.0709878276,0.02609411284,0.05644665323,0.008842856049,0.03385625335,0.05196429939,0.0826013729,0.01985288489,0.0530686197,0.1019560058,0.03438066195,0.02322645265,0.03621290224,0.05265266542,0.05677137826,0.05234197566,0.01232232628,0.0213323296,0.07425804476
r.palustris_bisb5,BACTERIA,0.1284816831,0.07134440976,0.02630911851,0.05725623262,0.008543825164,0.03218344087,0.05231375792,0.08393355841,0.01966934986,0.05380216506,0.09933524423,0.03542295687,0.02414377645,0.03649146609,0.05315496995,0.05583226176,0.05330012859,0.01258348392,0.0217426401,0.07415553076
r.palustris_haa2,BACTERIA,0.1300571606,0.07028166464,0.026189768,0.05837428549,0.008333548871,0.03194268422,0.050614929,0.08523717766,0.01928717378,0.05317487003,0.09924798903,0.03384501979,0.02383544991,0.03649548664,0.05356607092,0.05538305357,0.05457090759,0.0126089543,0.02219822569,0.07475558027
r.palustris_tie-1,BACTERIA,0.1279177596,0.0698564129,0.02590693373,0.05677194366,0.008522432641,0.03275180811,0.05270116598,0.0832356375,0.01992024624,0.05278364896,0.1003272027,0.03577699271,0.02334692887,0.03631677103,0.05347686989,0.05576031416,0.05449213834,0.01296862918,0.02229102543,0.07487513836
r.peacockii,BACTERIA,0.06533495985,0.03553929043,0.06259699773,0.05019145403,0.01029785504,0.03205584358,0.0629697401,0.05611805767,0.01866761547,0.09874623022,0.1011148385,0.08274541696,0.02217817085,0.04658601877,0.03354003592,0.0670529633,0.05195350886,0.007576835756,0.03779268747,0.05694147945
r.pickettii,BACTERIA,0.1280480578,0.06890470117,0.02797201453,0.05346925884,0.00921616474,0.03876926467,0.05096950389,0.08108764325,0.02370218706,0.04599625998,0.1028096298,0.03220852902,0.02497448674,0.03533546494,0.05208997324,0.05314125409,0.05580244889,0.01428294125,0.02392192462,0.07729829149
r.pickettii_12d,BACTERIA,0.1275637107,0.06897335238,0.02825148707,0.05345945294,0.00939413751,0.03894955801,0.05169744624,0.08064392014,0.02324661247,0.04565039436,0.1024702631,0.03274678546,0.0248922831,0.03527770086,0.05199373967,0.05375817003,0.05547715663,0.01447596357,0.02394947622,0.07712838958
r.prowazekii,BACTERIA,0.06047051324,0.03391505836,0.06650502996,0.04831910954,0.01098747614,0.03143320667,0.05779527051,0.05418172311,0.01908841194,0.108814692,0.1010396559,0.08374190175,0.02168844703,0.04882407504,0.03147618246,0.06759016857,0.05216902377,0.007169793752,0.0388966683,0.05589359195
r.rickettsii,BACTERIA,0.06550957474,0.03414436538,0.06423775758,0.04934336551,0.01036295464,0.03190847941,0.06204897595,0.05515918126,0.01847118157,0.09926140396,0.1012429265,0.08372325259,0.02247191011,0.04687509813,0.03351630752,0.06716136691,0.05269405418,0.007423643866,0.0374793526,0.0569648476
r.rickettsii_iowa,BACTERIA,0.06495485152,0.03421665063,0.06402085208,0.04904893412,0.01048499705,0.03197629317,0.06158500636,0.05461569491,0.01853725137,0.09948800695,0.1015142582,0.08365656127,0.02302106929,0.0475315729,0.03341607968,0.06739690322,0.05258323766,0.007357184969,0.03766717349,0.05692742111
r.rubrum,BACTERIA,0.1327453326,0.07557138397,0.02047877849,0.05795300322,0.009138433668,0.02823299914,0.05422698929,0.09076913089,0.01969585957,0.04715598713,0.1119860017,0.02789061703,0.02261808705,0.03401871586,0.05687484736,0.05086499788,0.05287987411,0.0125869867,0.01932488121,0.07498709304
r.salmoninarum,BACTERIA,0.1233322452,0.06115954982,0.02890686985,0.05281562547,0.006787758159,0.03721381808,0.05578956154,0.08445872779,0.01892014955,0.04952263836,0.1038891477,0.03292881464,0.02019846665,0.03365249002,0.05024314436,0.06777616139,0.05587513483,0.01483798651,0.02137853294,0.08031317713
r.solanacearum,BACTERIA,0.1337861366,0.07307505827,0.02684614615,0.05393146146,0.009408109611,0.0389230047,0.04916879837,0.08381576634,0.0233491852,0.04357555525,0.1030801317,0.02869911513,0.02334504118,0.03365417916,0.05380003682,0.05312041753,0.05555769334,0.01420925289,0.02368129881,0.07497361147
r.sphaeroides,BACTERIA,0.1365365587,0.07983770152,0.02034124028,0.05353348249,0.008740359127,0.02884041373,0.06250528998,0.08994502914,0.01969108759,0.04520134135,0.108543291,0.02422193277,0.0255679286,0.0348071376,0.05611461862,0.04892473883,0.0513433368,0.01393184333,0.01931133251,0.07206133606
r.sphaeroides_atcc17025,BACTERIA,0.1339405826,0.0823188988,0.02079181727,0.05432417788,0.009027049672,0.02928601246,0.06179538238,0.08869816379,0.02061869577,0.04643928044,0.1066863121,0.02471140796,0.02568868258,0.03489260097,0.0561071045,0.04880002818,0.05054997928,0.0143151246,0.0189549307,0.07205376809
r.sphaeroides_atcc17029,BACTERIA,0.1367481488,0.07895877013,0.02033997673,0.05371274829,0.008613036734,0.0287144147,0.06270527068,0.08980857562,0.01962948263,0.0453648213,0.1086995383,0.02429995879,0.02555430659,0.03495964272,0.05618205616,0.04828860301,0.05153506114,0.01394628725,0.01934467902,0.07259462145
r.sphaeroides_kd131,BACTERIA,0.1373516735,0.07980878143,0.02007722567,0.05319958166,0.008827754919,0.02857204894,0.06226038873,0.09029323316,0.01978627236,0.04521573609,0.1088035088,0.02372137964,0.02581450641,0.03478267163,0.05669825898,0.04827725968,0.05112816783,0.01416045134,0.0192318688,0.07198923039
r.typhi,BACTERIA,0.06080357175,0.03395454334,0.06713869549,0.04843073108,0.01102196869,0.03190852769,0.05804449636,0.0538127197,0.01918094876,0.109037226,0.1007564166,0.08368239817,0.02155662017,0.04832323464,0.03099480792,0.06735368838,0.05220027304,0.007084015637,0.03891012939,0.05580498712
r.xylanophilus,BACTERIA,0.1193473061,0.09673602309,0.01858547808,0.04354506273,0.008105395512,0.02094189831,0.08355853959,0.102941669,0.01772896702,0.03702380675,0.1100332558,0.02037562678,0.01944097431,0.03329433028,0.05599288812,0.04967053754,0.04053002203,0.01243361786,0.02548018912,0.08423441206
rc-i_mre50,ARCHAEA,0.08697402229,0.05450579283,0.03433879483,0.05567419738,0.01302351792,0.02710027706,0.06182369502,0.07797451201,0.0176177517,0.07180600683,0.09246496463,0.05577929788,0.02968306607,0.03666330494,0.04558119461,0.06153858195,0.05624554161,0.009434447473,0.03594325467,0.07582777829
rhizobium_ngr234,BACTERIA,0.1212783982,0.07193352952,0.02695485503,0.05559998019,0.008849150467,0.03012107874,0.06003542289,0.08354200554,0.02094742067,0.05463707211,0.1001495161,0.0354350171,0.02468886191,0.0385168284,0.04927966389,0.05675243709,0.05196367537,0.01278266786,0.02269126994,0.07384114898
rhodococcus_rha1,BACTERIA,0.1246913303,0.07587660478,0.02073049389,0.06266285736,0.00868514907,0.02811884066,0.05464151048,0.08898341014,0.02348641507,0.04181953786,0.097755428,0.02086858413,0.0191959272,0.03024764528,0.05760404788,0.05827269534,0.06393820202,0.01442921837,0.02020270539,0.08778939682
roseiflexus_rs-1,BACTERIA,0.1182994579,0.08281808861,0.02498639925,0.05439449073,0.008880546686,0.03653348588,0.05564886719,0.07634029119,0.02187391293,0.05603693801,0.1078587081,0.01870172341,0.02106243676,0.03328697197,0.05971234023,0.04842417054,0.05718348317,0.01540647219,0.02649847422,0.07605274108
rs-d17,BACTERIA,0.0682193506,0.04116288924,0.05235456954,0.05165756468,0.01332229742,0.02538127354,0.06784312638,0.06413236756,0.01483115453,0.09204028371,0.08808002883,0.09778661355,0.0227952271,0.04724188049,0.03136917892,0.0664807987,0.04692902035,0.006839360181,0.03519082488,0.06634218978
s.aciditrophicus,BACTERIA,0.08133548629,0.06574956868,0.03529101615,0.0530826887,0.0132653571,0.03123242704,0.06883018451,0.07493295036,0.01992301649,0.06893010786,0.1003602556,0.05564667951,0.0270973009,0.0426821555,0.04421714834,0.06113608604,0.04895181462,0.01067053887,0.02961558209,0.06704963533
s.acidocaldarius,ARCHAEA,0.05573350923,0.04572697635,0.04821041875,0.04858530783,0.005817898818,0.02275750688,0.06808744881,0.06711938082,0.01286960978,0.09101895483,0.1024380444,0.07465038035,0.02187485665,0.04280379065,0.03926844431,0.06997771229,0.04889376087,0.009883151662,0.04627586458,0.07800698211
s.agalactiae,BACTERIA,0.06892498724,0.03899330361,0.04919487152,0.05646284462,0.005862359338,0.03981284245,0.06514931225,0.06331058268,0.0198573133,0.07891402249,0.0999177241,0.0734268155,0.02562789717,0.04567681188,0.03181710598,0.0654858223,0.05739509017,0.008551219567,0.03838629744,0.0672327764
s.agalactiae_a909,BACTERIA,0.06939405724,0.03882043886,0.04910845406,0.0565840836,0.005846283598,0.03980986041,0.06491130484,0.06368068101,0.02021504741,0.07886001572,0.09957715765,0.07303178127,0.02546899074,0.0453509493,0.03221773181,0.06565788329,0.05762601178,0.00859139515,0.03820676777,0.06704110448
s.agalactiae_nem316,BACTERIA,0.06940380253,0.03867541325,0.04935005694,0.05621720417,0.005624358047,0.04102755858,0.06569250199,0.06250096972,0.01992186409,0.0781684918,0.09984360406,0.073574361,0.02513351062,0.0459288957,0.03200376095,0.06583369278,0.05763221508,0.008381457151,0.03826115019,0.06682513134
s.alaskensis,BACTERIA,0.1402605749,0.07655397693,0.02389785969,0.06193237039,0.008051050441,0.02882035552,0.05336679395,0.08913620745,0.0202045093,0.05112929585,0.0976406716,0.02922744217,0.0248382003,0.03530121456,0.05381725062,0.04967245788,0.05019585501,0.0146186495,0.02113105036,0.07020421359
s.amazonensis,BACTERIA,0.1020469814,0.05239676092,0.03562098059,0.05675602173,0.0103891223,0.04191804304,0.06071963483,0.07638220997,0.02235607819,0.052950192,0.1122394692,0.04492226989,0.0266225719,0.03937368729,0.04273946796,0.06265109342,0.05009185529,0.0127844164,0.02805292958,0.06898621417
s.arenicola,BACTERIA,0.1356415309,0.08448669739,0.0182631995,0.06097455665,0.007838386717,0.0285074516,0.05125085072,0.09273632766,0.02257612384,0.03278897408,0.1046708451,0.01534222288,0.01639720451,0.02636608648,0.06236590048,0.04897481994,0.06342027823,0.01554693883,0.02025057474,0.09160102974
s.aureus_col,BACTERIA,0.06444210319,0.03463428145,0.05673840562,0.05874457687,0.006300672003,0.04154198205,0.06514620458,0.06063426075,0.02302049142,0.08615275894,0.09109441171,0.07532461145,0.02651899521,0.0449356472,0.03214792342,0.06109632728,0.0580158837,0.007457779803,0.03901161767,0.06704106568
s.aureus_ed98,BACTERIA,0.06424460222,0.03523536953,0.05672758813,0.0585789445,0.00629714777,0.0415033521,0.06506376401,0.0605038479,0.02294160239,0.08591942035,0.09096500049,0.07585742527,0.02647439612,0.04504121804,0.03195999041,0.06123805019,0.05789926846,0.007456147581,0.03914857896,0.06694428559
s.aureus_jh1,BACTERIA,0.06426352837,0.03517224057,0.05702960835,0.05839944618,0.00621573108,0.04157788655,0.06552309304,0.06058408023,0.02284124952,0.08576557149,0.09085774148,0.07617058034,0.02643492964,0.0445834431,0.03185791915,0.06097493736,0.05820585551,0.007586794175,0.0391947608,0.06676060307
s.aureus_jh9,BACTERIA,0.06440033057,0.03517809796,0.05703758725,0.05846537162,0.006148942136,0.04162587868,0.06554526359,0.06071096529,0.0228150349,0.08561295115,0.09072272206,0.0762026101,0.02636543409,0.04452449001,0.03189702244,0.06099381662,0.0582120352,0.007597632903,0.03915523373,0.06678857969
s.aureus_mrsa252,BACTERIA,0.06398738745,0.03548611719,0.056614423,0.05815420949,0.006389987075,0.04167950879,0.06512637284,0.06047530444,0.02330607632,0.08622804314,0.09168071373,0.07579706781,0.02665834624,0.0449176265,0.031913153,0.06046515757,0.05751622547,0.007588585286,0.03924679835,0.06676889631
s.aureus_mssa476,BACTERIA,0.06334744215,0.03492061835,0.05550582967,0.05822234168,0.006326785174,0.04091077524,0.06539069758,0.06118414872,0.02307730447,0.08686967005,0.09212655136,0.07521554649,0.02677499661,0.04547352379,0.03221193491,0.06122459631,0.05731814244,0.007555869858,0.03925503377,0.06708819139
s.aureus_mu3,BACTERIA,0.06401823786,0.03523302758,0.05684873368,0.05835318284,0.006338130868,0.04166713408,0.06523974588,0.06024153451,0.02311392307,0.08581218442,0.09105968313,0.07568114652,0.02642570551,0.0448256048,0.03210447134,0.0613807777,0.05803284859,0.007458677506,0.03926151115,0.06690373894
s.aureus_mu50,BACTERIA,0.0639004478,0.03528673722,0.05705790425,0.05833113704,0.006363689232,0.04168136019,0.06526029506,0.06002011931,0.02310750465,0.08583123293,0.09109244363,0.07588665382,0.0264186523,0.04484897529,0.03195207992,0.06143193525,0.05790548876,0.007476066564,0.03940339949,0.06674387728
s.aureus_mw2,BACTERIA,0.06440232191,0.03468582631,0.05674552205,0.05846871656,0.006193806449,0.04157095135,0.06505410014,0.06063450802,0.02300993994,0.08627962179,0.09138798152,0.07548765384,0.02646143093,0.04489489279,0.03214121266,0.06114725724,0.05800060969,0.007482056966,0.03907225555,0.06687933429
s.aureus_n315,BACTERIA,0.06421027761,0.03500900631,0.05672195786,0.05822597323,0.006313307741,0.04165639854,0.06490131169,0.06033972455,0.02322458862,0.08611885278,0.09151374574,0.07557677211,0.02641935099,0.04485624204,0.03208100342,0.0613826271,0.05788299675,0.007441319265,0.039066291,0.06705825265
s.aureus_nctc8325,BACTERIA,0.0639857645,0.03504074899,0.05687930046,0.05812829256,0.006463157868,0.04125686726,0.06499398703,0.06024882029,0.02299098494,0.08653408457,0.09142346224,0.07548752701,0.02662008444,0.04521577091,0.0321239261,0.0610526395,0.05798282761,0.007576717082,0.03920656398,0.06678847266
s.aureus_newman,BACTERIA,0.06429410209,0.03500570854,0.05706411739,0.05860185205,0.006154698362,0.04138849795,0.06533555075,0.06079628838,0.0227777729,0.08599032242,0.0905960069,0.0756685762,0.02650367765,0.0450116364,0.03219091471,0.06085143127,0.05806295563,0.007588413476,0.039125133,0.06699234391
s.aureus_rf122,BACTERIA,0.06407580025,0.03513663112,0.05567651887,0.05759954087,0.006583698377,0.04108113548,0.06478163364,0.06096686935,0.02344618054,0.08706366508,0.09219897702,0.07445930306,0.02687878841,0.04573365193,0.03219633864,0.06021751636,0.05727314392,0.007518009631,0.03934579172,0.0677668057
s.aureus_usa300,BACTERIA,0.06416426574,0.03482194664,0.05717500898,0.05888809905,0.006147782905,0.04153615449,0.0655420222,0.06070668733,0.02291571949,0.08588433879,0.09100979375,0.0761106827,0.02624142513,0.04474380261,0.03195591179,0.06103699722,0.05768868481,0.007507956324,0.03922021748,0.06670250257
s.aureus_usa300_tch1516,BACTERIA,0.06361687289,0.03482644356,0.05691709117,0.05847623311,0.006385365544,0.04136837025,0.06502333537,0.06036402406,0.02307271295,0.08645668497,0.09169566067,0.07599814197,0.02671890547,0.04508055135,0.03175603375,0.06108342897,0.05740488911,0.007573159986,0.03943788081,0.06674421403
s.avermitilis,BACTERIA,0.1344211876,0.07999316203,0.01809767513,0.05937293365,0.008094657702,0.02852443255,0.0560755634,0.09488869368,0.02350992098,0.03135943669,0.102153081,0.02302307891,0.01720659734,0.02727348172,0.06097266686,0.0526416632,0.06236741394,0.01542520664,0.02116711303,0.0834320339
s.azorense,BACTERIA,0.05341527697,0.03545503734,0.04936399303,0.05352581942,0.007338467416,0.02753476754,0.07955371878,0.05965219853,0.01411840454,0.09120140253,0.09881525641,0.1005315734,0.01884263991,0.05041899468,0.03631028685,0.05554273435,0.04552603663,0.007784515911,0.04450594311,0.07056293259
s.baltica,BACTERIA,0.09571781946,0.04665351817,0.04028399674,0.05408789223,0.01039920487,0.04904267992,0.05743717809,0.06770800606,0.02293419603,0.06032295575,0.1089075328,0.05080887584,0.02585308142,0.03970967901,0.04016440352,0.06557357111,0.05410613527,0.01252418047,0.03002533079,0.06773976245
s.baltica_os185,BACTERIA,0.09576025964,0.04508665983,0.04110894262,0.05467770881,0.010493107,0.0485879713,0.05657318106,0.06828437091,0.02262994914,0.06053195031,0.1081190635,0.05024930096,0.02604464138,0.04017507911,0.04024139695,0.06604918889,0.0549917035,0.01256723141,0.02997431199,0.06785398164
s.baltica_os195,BACTERIA,0.09530895824,0.045237651,0.04142405311,0.05461314933,0.01056728802,0.04867873391,0.0565422217,0.06786357817,0.02267176524,0.06055143838,0.1076839446,0.05077760081,0.02598437245,0.03993915804,0.04015414502,0.06646390317,0.05535882489,0.01260740472,0.03005492175,0.06751688745
s.baltica_os223,BACTERIA,0.0958845184,0.04519343573,0.04112110465,0.05483353335,0.01049501746,0.04866165941,0.05650966167,0.06805040521,0.02259739209,0.06081392683,0.1077354064,0.05066815896,0.02601167761,0.04012661983,0.04009493116,0.06604120875,0.0549919767,0.01247522216,0.02995186019,0.06774228347
s.boydii,BACTERIA,0.09416343354,0.06050638425,0.03791590376,0.05051017527,0.01181912774,0.04468409463,0.05870847012,0.07240939852,0.02404962211,0.05707187624,0.1065487953,0.04489139115,0.02810279326,0.03754164079,0.04375650322,0.05921340249,0.05298563443,0.01599651548,0.02889568226,0.07022915541
s.boydii_cdc3083-94,BACTERIA,0.09407370538,0.06019771851,0.03779474666,0.0506727528,0.01186796645,0.04401199422,0.05891493572,0.07160194077,0.02357811419,0.05741363473,0.1074931511,0.04615185397,0.02825521308,0.03756894452,0.04399499836,0.05951464679,0.05303436806,0.01567908578,0.02851257896,0.06966765
s.carnosus,BACTERIA,0.06758586393,0.03645912318,0.05139744488,0.05940489902,0.005747715328,0.0391150677,0.07177881338,0.06489986242,0.02257006352,0.08208699311,0.09101255152,0.07277889125,0.02740787192,0.04448707071,0.03471855049,0.05963442509,0.05533354373,0.007797055235,0.03796607113,0.06781812245
s.cellulosum,BACTERIA,0.1416737841,0.0864424948,0.017555008,0.05672057329,0.01183430852,0.02680206417,0.06236635695,0.09357065531,0.02044909643,0.03595693669,0.1013255053,0.02335859307,0.01700509401,0.03037544249,0.06373503178,0.05702980029,0.04748042426,0.01270407587,0.01918801347,0.07442674123
s.cerevisiae,EUKARYA,0.05494885523,0.04435417607,0.06163721604,0.05852856062,0.01258077409,0.03955721988,0.06542276993,0.04977039315,0.02165286052,0.06555005292,0.0950306457,0.07348379715,0.02080648011,0.04415518918,0.04375618618,0.08983434342,0.0591553693,0.01039191839,0.0337828264,0.05560036572
s.coelicolor,BACTERIA,0.1373309978,0.08375978394,0.01698813904,0.06142466816,0.007815881547,0.02659548887,0.05694599745,0.096024278,0.02359192396,0.02874577682,0.1021467561,0.02054439896,0.01698588467,0.02639109316,0.0620325951,0.04982220579,0.0618090373,0.01525791432,0.02053913877,0.08524804021
s.degradans,BACTERIA,0.09546599963,0.04448173591,0.04727745239,0.05583200179,0.010281376,0.0413258351,0.06097474799,0.07086849704,0.02102035762,0.05951960329,0.09814782925,0.04878611019,0.02174552874,0.04032486569,0.04091076553,0.0689660377,0.05738937024,0.01357517596,0.03205640555,0.07105030437
s.deleyianum,BACTERIA,0.07486771108,0.03634653007,0.04440428789,0.04942119637,0.01065494458,0.03173243906,0.07326770883,0.06158741069,0.02384792091,0.07661419241,0.1042621187,0.07616630446,0.02784510964,0.05044514147,0.0318056786,0.06546488094,0.05153810076,0.007884518147,0.03735216528,0.06449164013
s.denitrificans,BACTERIA,0.09285200038,0.04333156023,0.04303151707,0.05470969844,0.01015603028,0.05011817627,0.05635406034,0.06791629814,0.02275784323,0.0619068174,0.1092039612,0.05200069253,0.02541357778,0.04019324973,0.03877685798,0.069613148,0.05329173988,0.01189518388,0.03010772568,0.06636986156
s.dysenteriae,BACTERIA,0.09224964267,0.06099677914,0.03846275716,0.04992373904,0.01246723262,0.04395388888,0.05823494199,0.07217857996,0.02394619856,0.05830687822,0.1063020414,0.04589102861,0.02865459565,0.0377134215,0.04241839306,0.058819852,0.0558045253,0.01571635205,0.02890037775,0.06905877446
s.dysgalactiae,BACTERIA,0.07817986326,0.04051314461,0.04227123124,0.05680212087,0.006216502376,0.04359431043,0.06400354572,0.06461091458,0.02085080887,0.07199126702,0.1039372276,0.06749673744,0.02644024393,0.04464325287,0.0342030746,0.06204026691,0.05834024147,0.008755960833,0.03747958338,0.06762970198
s.enterica_agona,BACTERIA,0.09717535721,0.05579881351,0.03864107262,0.05207569493,0.01150801928,0.04363236257,0.05566654578,0.07366367805,0.02301313157,0.05981989786,0.1070772683,0.04339253647,0.02780383969,0.03897755591,0.04448338187,0.05810623134,0.05496160239,0.01518171915,0.02893974333,0.07008154814
s.enterica_arizonae,BACTERIA,0.09540311642,0.0569779577,0.03931163289,0.05221174928,0.0114422085,0.04383648574,0.05595839962,0.07273298706,0.0230400575,0.05980655465,0.1067550985,0.04368686033,0.02786491307,0.03934546778,0.0444064157,0.05828172886,0.0552365886,0.01520013714,0.02916041348,0.06934122714
s.enterica_choleraesuis,BACTERIA,0.09740081542,0.0571104335,0.0380134476,0.05185339396,0.0117777485,0.04366938739,0.05579580965,0.07325643099,0.02291783892,0.05943541055,0.106459782,0.04348085606,0.02798197961,0.03864018687,0.04465935883,0.05839739638,0.05498345073,0.01507013147,0.0288401975,0.07025594401
s.enterica_dublin,BACTERIA,0.09775826481,0.05661387579,0.03814531584,0.05211415827,0.01147933845,0.04383624366,0.05613458535,0.07349021664,0.0228744872,0.05958857827,0.1064859296,0.04348028373,0.02797682568,0.03883581902,0.04470546531,0.05772385042,0.05482595258,0.0151083573,0.02873674843,0.07008570363
s.enterica_enteritidis,BACTERIA,0.09811526938,0.05605107206,0.03799707594,0.05202147716,0.01153864628,0.04374313265,0.05566980288,0.07406078692,0.0230780431,0.05977895394,0.1071854229,0.0426991456,0.02797750212,0.03870932879,0.04471957202,0.05766170917,0.05476691544,0.01515620028,0.02863346523,0.07043647815
s.enterica_gallinarum,BACTERIA,0.09821051194,0.0564953899,0.03744081306,0.05180973224,0.01158726451,0.04385672135,0.05628850333,0.07371061579,0.02323190773,0.05969000956,0.1074969715,0.04292249916,0.0282206219,0.03861990491,0.04482165327,0.05707079319,0.05417195669,0.01513666232,0.02846468341,0.07075278428
s.enterica_heidelberg,BACTERIA,0.0974065575,0.05662004351,0.03822299691,0.05207166218,0.01156525587,0.04382231387,0.05597544129,0.073383956,0.0229893942,0.05977639607,0.1066699665,0.04335499499,0.02786823168,0.03903353633,0.0445626491,0.05800639922,0.05492663306,0.01531444391,0.02873124697,0.06969788083
s.enterica_newport,BACTERIA,0.09805706941,0.05632129194,0.03790799398,0.05205265241,0.0114735068,0.04353506071,0.0560695751,0.07374881612,0.02283803006,0.05943329961,0.1063721626,0.04361310699,0.02786744507,0.03874892511,0.04483723834,0.0578709677,0.05484544375,0.01528441542,0.02876673513,0.07035626371
s.enterica_paratyphi,BACTERIA,0.09779774773,0.05667000883,0.03781684659,0.05199707077,0.01161118166,0.04388204509,0.0558542126,0.07378185163,0.02311025096,0.05952529565,0.1074449755,0.04286190224,0.02791358921,0.03875191128,0.04474872919,0.05756929298,0.05432280564,0.01514868403,0.02853776079,0.07065383762
s.enterica_paratyphi_aku12601,BACTERIA,0.09768447951,0.05663422954,0.03787203778,0.05214495512,0.01161419766,0.04383864388,0.0559532409,0.07386419686,0.02312576969,0.05950456485,0.1071443346,0.04286807595,0.02788393917,0.03874793555,0.04480125633,0.05761991287,0.05437726134,0.01516790825,0.02854265248,0.07061040767
s.enterica_paratyphi_b,BACTERIA,0.09675127318,0.0569144671,0.03841851062,0.05135820816,0.01209771433,0.04334933586,0.05484513943,0.07315014491,0.02306563525,0.06035296877,0.1063361831,0.0433216618,0.02825313737,0.03969151728,0.04471989357,0.05876655341,0.05490878977,0.01514947104,0.02893461104,0.06961478404
s.enterica_paratyphi_c,BACTERIA,0.09759521668,0.0566216031,0.03813285653,0.0518733235,0.01160861625,0.04391407205,0.05594788549,0.07355324825,0.02284848392,0.05963463832,0.1067156963,0.04330999881,0.0280740107,0.03867315019,0.04457166149,0.05800862564,0.05475513407,0.01514948247,0.02875725859,0.07025503767
s.enterica_schwarzengrund,BACTERIA,0.09769123266,0.05677735992,0.03815685152,0.05195879549,0.0114234092,0.043492998,0.05584029482,0.07365917332,0.0229778611,0.05957903815,0.1067895491,0.04321114639,0.02789232829,0.03886697116,0.04472509219,0.05789012472,0.05490469389,0.01525073446,0.02875764934,0.07015469627
s.epidermidis,BACTERIA,0.05863033865,0.03592860635,0.05892533053,0.05705704862,0.006336706542,0.04219507673,0.06647571795,0.05985244787,0.02490574307,0.08850599255,0.09224677054,0.07642958684,0.02621354041,0.04457748734,0.03144613448,0.06332913789,0.0562338808,0.007206230229,0.03896421327,0.06454000933
s.epidermidis_rp62a,BACTERIA,0.05881104297,0.03607477949,0.05875452968,0.05709221178,0.006379110481,0.04210929671,0.06774979221,0.06000747078,0.02458741849,0.08787266038,0.09137924143,0.07670783867,0.02597957527,0.0444015311,0.03133041945,0.06272148732,0.05696126634,0.007206134311,0.03934152363,0.06453266951
s.equi,BACTERIA,0.08345521024,0.042992078,0.03972111697,0.05614044521,0.006283829802,0.04527726996,0.0631232749,0.06504283615,0.0211223429,0.07161701975,0.1055077607,0.06695522816,0.02509230383,0.04278237803,0.03399111016,0.06331325949,0.05544502993,0.008545721762,0.03798437108,0.06560741298
s.equi_equi,BACTERIA,0.08049253672,0.04372220243,0.04141921052,0.05752695622,0.00610061897,0.0443408428,0.06600810336,0.06440623721,0.02028645524,0.07243701416,0.1026761558,0.07060583865,0.02515639229,0.04205599768,0.03294796162,0.06316565705,0.05479833973,0.008350820235,0.03910797007,0.06439468926
s.equi_zooepidemicus,BACTERIA,0.08187229657,0.04278702084,0.04006664497,0.05672280302,0.006193304316,0.0449751861,0.06466189372,0.06517207013,0.02098842018,0.07207724851,0.1044065004,0.06753142415,0.02483931986,0.04301075269,0.03426826126,0.06307712647,0.05507532306,0.008513674762,0.03820729773,0.06555343123
s.erythraea,BACTERIA,0.1313446732,0.08410640797,0.01778197505,0.0600989944,0.008295839051,0.02869698508,0.06099894344,0.0942664272,0.02359540431,0.03160995535,0.1035696397,0.01765686228,0.01803392627,0.02865297991,0.05912009488,0.05280880311,0.05510052379,0.01526505139,0.01888598733,0.09011052634
s.flexneri,BACTERIA,0.09353500591,0.05913049176,0.03913223901,0.05032246188,0.01213717188,0.04409163097,0.05845031092,0.07241585882,0.02340227705,0.05834500769,0.1062782564,0.04581470376,0.0283647891,0.03792632206,0.04329756664,0.05942846089,0.05347999863,0.01551467537,0.02903092951,0.06990184179
s.flexneri_2457t,BACTERIA,0.09461318846,0.05884450965,0.03810558948,0.05041557287,0.01202346884,0.04456949288,0.05857489862,0.07315248828,0.02330402828,0.05831373934,0.1066003147,0.04493714429,0.0286108862,0.03781484906,0.04374037556,0.05824697047,0.05348017979,0.01544473988,0.02857200812,0.07063555519
s.flexneri_8401,BACTERIA,0.09423426518,0.05840062588,0.03842005043,0.05088480986,0.01181591787,0.04440372111,0.0585715879,0.07260187098,0.02331270663,0.05814336875,0.1065451588,0.04495649831,0.02842854154,0.03814162657,0.04414809219,0.05867497922,0.05356402894,0.01564872352,0.02888036973,0.07022305659
s.frigidimarina,BACTERIA,0.08929462075,0.0423482834,0.04486422755,0.05681090429,0.01036775578,0.04991677463,0.0546195981,0.06623499656,0.02300945287,0.06661792179,0.1048506813,0.05093348168,0.02675606999,0.04063434256,0.03853231181,0.06743173011,0.05574992843,0.01186773069,0.03034479502,0.06881439268
s.fumaroxidans,BACTERIA,0.09329919358,0.07503119945,0.02882521414,0.051886412,0.01376808725,0.02931355339,0.06616263603,0.08268184771,0.02134101184,0.05508261439,0.1017102139,0.04280740809,0.0249316985,0.04140398268,0.05069269383,0.05720974977,0.04864768156,0.0120750312,0.02698697615,0.0761427945
s.gallolyticus,BACTERIA,0.07714462682,0.03732690351,0.047835833,0.06031795189,0.005729327965,0.03802887522,0.06755740388,0.06415962483,0.01827043608,0.07424088248,0.09835125131,0.06646610332,0.02474007875,0.0458478963,0.03064784911,0.06343700689,0.06063649368,0.00879529266,0.03958914008,0.07087702222
s.glossinidius,BACTERIA,0.1016300637,0.06535903362,0.03451231722,0.05435253746,0.01162689252,0.04667374768,0.05432899564,0.07356266765,0.02373016082,0.05572211782,0.1096979861,0.03977876223,0.0268501452,0.03598298895,0.04570714799,0.05734234939,0.05268245262,0.01338560542,0.02793029958,0.06914372839
s.gordonii,BACTERIA,0.0766656341,0.03970187403,0.04355609242,0.05646367679,0.005261412829,0.04201814098,0.07196927833,0.06563067684,0.01830131084,0.07065392512,0.1022364118,0.06868167363,0.02356739356,0.04620392178,0.03423654254,0.06376738951,0.05531332647,0.009048696088,0.03798335339,0.06873926897
s.griseus,BACTERIA,0.1386881378,0.08209476696,0.01695671647,0.06025223725,0.007513501009,0.02567878605,0.05723461133,0.0971205704,0.0225952382,0.03081630117,0.1034510725,0.02026120263,0.01669702404,0.02680105683,0.0635191679,0.05080183031,0.06151953626,0.01462827427,0.01967230013,0.08369766848
s.haemolyticus,BACTERIA,0.06057597853,0.03653686193,0.05804294989,0.05908756467,0.006432491283,0.03951239199,0.0673186101,0.0599946277,0.02303083625,0.08552864645,0.09127078362,0.0752408129,0.02642291457,0.04491584038,0.03173552689,0.06397065216,0.05764327119,0.00778465104,0.03946048566,0.06549410279
s.halifaxensis,BACTERIA,0.09006615649,0.04261874641,0.0429014842,0.05530392584,0.01119475725,0.04605515115,0.06040357535,0.06927905321,0.02153369695,0.06430521855,0.1052379076,0.0525615767,0.02676953068,0.04046192027,0.0384074051,0.06858292374,0.05337591682,0.01189503446,0.03061103161,0.06843498759
s.heliotrinireducens,BACTERIA,0.1078934297,0.05435825159,0.03263530653,0.06522193668,0.0165621415,0.03019153053,0.06880297014,0.07981157812,0.01866186393,0.05297097449,0.08678889603,0.04061380927,0.02936624447,0.03817003327,0.0422035359,0.05691486831,0.05525323338,0.01181508725,0.03264968819,0.07911462073
s.islandicus_l.s.2.15,ARCHAEA,0.05643174686,0.0441958682,0.05070737448,0.0474751569,0.00612709205,0.02121077406,0.06864801255,0.06465219665,0.01299424686,0.09732609833,0.1026555962,0.07684231172,0.0220332113,0.04344273013,0.03853425732,0.06715481172,0.04782688285,0.01021051255,0.04830282427,0.07322829498
s.islandicus_m.14.25,ARCHAEA,0.05700233315,0.04398740021,0.05100300977,0.04728830853,0.006051889901,0.02115196174,0.06795908437,0.06488192075,0.01295293139,0.09797322342,0.1028336054,0.07579554047,0.02208333277,0.04345229992,0.03854339502,0.06753855216,0.04779645162,0.01037178013,0.04830998616,0.07302299314
s.islandicus_m.16.27,ARCHAEA,0.05688185509,0.04392261592,0.05122724956,0.04724900939,0.006008841412,0.0210131673,0.06816736263,0.06479356212,0.01299742817,0.09827477906,0.1030444533,0.07596581953,0.02208245927,0.04337743504,0.03840891463,0.06730745173,0.04780472516,0.01042559664,0.04821295239,0.07283432164
s.islandicus_m.16.4,ARCHAEA,0.05664080917,0.04396571989,0.05102174978,0.04743596384,0.005998887078,0.02126105451,0.06852702554,0.06465304865,0.01298187319,0.09757056362,0.1024312957,0.07646622123,0.0222557781,0.04342918006,0.03872914434,0.06726137591,0.04775735651,0.01038815469,0.04819827537,0.07302652286
s.islandicus_y.g.57.14,ARCHAEA,0.05606657738,0.04545571173,0.05038846211,0.04721200179,0.006266966352,0.0210793294,0.06879551088,0.06408341929,0.01312919829,0.09619183973,0.1029180843,0.07713820938,0.02219416948,0.04362629637,0.038244531,0.06737918931,0.04764818778,0.01036070016,0.04822805856,0.07359355676
s.islandicus_y.n.15.51,ARCHAEA,0.05631030357,0.04517616001,0.05035017958,0.04724016191,0.006375472523,0.02079035984,0.06938741188,0.06440577768,0.01322490104,0.09652903681,0.1025248349,0.07817088662,0.02220076113,0.04337206947,0.03785914589,0.06704183936,0.0471993915,0.01030726873,0.04820591094,0.07332812661
s.linguale,BACTERIA,0.08248447792,0.05273029038,0.04665868031,0.05307436592,0.007343264426,0.04524817416,0.05096186421,0.07194314325,0.01849131219,0.0582904698,0.101389088,0.0509459838,0.02144588282,0.04432751757,0.04626370602,0.0629641966,0.06533119206,0.01317463239,0.03813497208,0.06879678613
s.loihica,BACTERIA,0.09724393655,0.04780669576,0.03682301494,0.05606009069,0.01050549947,0.04925267957,0.06109662924,0.072727037,0.02237004068,0.05761513341,0.1098299444,0.04874017898,0.02624201315,0.03838110825,0.04085666914,0.0642547616,0.0504149577,0.01212002886,0.03032523959,0.06733434105
s.maltophilia,BACTERIA,0.1286343508,0.0748683588,0.02637220162,0.05669957057,0.008229232231,0.04411463007,0.05067680254,0.08621887957,0.02247495224,0.04015318249,0.1103106495,0.02694440296,0.02206115297,0.03265246026,0.05330892871,0.05434726481,0.0492051286,0.01607885772,0.02296202118,0.07368697237
s.maltophilia_r551-3,BACTERIA,0.1289645317,0.07346035321,0.02665932521,0.05684725269,0.007843053652,0.0444287781,0.05050826575,0.08613097583,0.02196848958,0.04050100271,0.1120434136,0.02672181088,0.02182587524,0.03270132146,0.05251001241,0.05480066338,0.04903360406,0.01588606143,0.02306088603,0.07410432313
s.marinus,ARCHAEA,0.05834383197,0.05430048305,0.04233093898,0.04670188931,0.006285989433,0.01744202664,0.06841592627,0.06453088138,0.01750578799,0.1040585197,0.1039353944,0.07517243047,0.02240881578,0.03576571882,0.04363254995,0.05658269957,0.04777703756,0.01171889601,0.05144661306,0.07164356967
s.medicae,BACTERIA,0.1202054494,0.07117413669,0.02728163905,0.05510295688,0.008572430979,0.02960597258,0.06011588131,0.08477135885,0.02047632069,0.055177253,0.1000423075,0.03438259407,0.02513375882,0.03923093195,0.04935223069,0.05762076989,0.05179162002,0.01306373472,0.02299155398,0.07390709889
s.meliloti,BACTERIA,0.1211079869,0.07190223915,0.02674140553,0.05492775787,0.008633765325,0.0290269824,0.06038951102,0.08523052002,0.02053271482,0.05476223442,0.1001869686,0.03430551464,0.02514863277,0.03912859714,0.04956386134,0.05659027951,0.05155222473,0.01303679305,0.02276467875,0.07446733202
s.moniliformis,BACTERIA,0.04725800666,0.03243453754,0.07309659236,0.05598360236,0.005405073021,0.01879784781,0.07790110172,0.06137637715,0.01289674609,0.1039938509,0.09460210095,0.1036781963,0.02256315655,0.04739123751,0.02242787599,0.06443863695,0.04703253907,0.005698180886,0.04510171663,0.05792262362
s.muelleri,BACTERIA,0.03479197988,0.03032157635,0.08439217147,0.04020702226,0.01157515201,0.01889277684,0.05283325129,0.0557203869,0.01400992536,0.1358816407,0.08936815636,0.1265416905,0.01770865209,0.05411050944,0.02760740278,0.06698952914,0.04018041271,0.006439509852,0.05196844108,0.04045981293
s.muelleri_smdsem,BACTERIA,0.03398069935,0.02886674849,0.07920005776,0.03481096431,0.01088970712,0.02235698987,0.05770943133,0.05399128823,0.01344066614,0.1239381031,0.09900608861,0.1421798667,0.01822973071,0.06072967054,0.02800038505,0.06585565422,0.03844487763,0.007207662503,0.04425673237,0.03690467596
s.mutans,BACTERIA,0.07458286688,0.03909226866,0.04851560465,0.05658831424,0.005712994475,0.0408172066,0.06397104864,0.06261697235,0.01956769605,0.07744626387,0.1013504539,0.07418095634,0.02428022652,0.04756516384,0.03153876539,0.06286363848,0.05616052962,0.008709211686,0.03854718826,0.06589262951
s.oneidensis,BACTERIA,0.09402930602,0.04660486005,0.04122284195,0.05318060751,0.01079721496,0.04913279904,0.05742113515,0.06803621991,0.02323289582,0.06025333041,0.1090296343,0.05156402547,0.02583001605,0.03947636861,0.04051973465,0.06477623046,0.0540065468,0.01281547175,0.03060352161,0.06746723951
s.pealeana,BACTERIA,0.09043110901,0.04266224325,0.04262740954,0.05559878807,0.01088762574,0.0469335533,0.06090674945,0.06869835466,0.0212492624,0.06347678089,0.1057189295,0.05232093555,0.02650566988,0.0403715782,0.03821955133,0.069369252,0.0531214143,0.01195005403,0.03060211469,0.06834862417
s.piezotolerans_wp3,BACTERIA,0.09041390323,0.04202894929,0.04407439367,0.05577683478,0.01049227467,0.04656444268,0.05934222192,0.06788178778,0.02118383218,0.06368698256,0.1040512953,0.0527165606,0.02629481233,0.04093453789,0.03768945024,0.07079079116,0.05425097274,0.01217072292,0.03143604665,0.06821918745
s.pneumoniae,BACTERIA,0.07494319073,0.0403771268,0.04374063606,0.05478549286,0.006103034166,0.0406924558,0.07217363449,0.06503785616,0.0193518571,0.07194172587,0.1021482413,0.06789583799,0.02460400351,0.04650852389,0.03275917874,0.06524140186,0.05490228138,0.009122851508,0.03850851055,0.06916215919
s.pneumoniae_70585,BACTERIA,0.07392674358,0.0408230501,0.04375552489,0.05534842302,0.006068820193,0.04087034808,0.07225989751,0.06569852593,0.01937423141,0.07210332488,0.1016727175,0.06840429661,0.02461452146,0.04646781943,0.03288677516,0.06344290155,0.05514944531,0.009431869705,0.03807324337,0.06962752025
s.pneumoniae_atcc700669,BACTERIA,0.07422107105,0.04047213386,0.04412261955,0.05575361848,0.005761333084,0.04052630024,0.07247789848,0.06528854266,0.01910431788,0.0726059281,0.1013485787,0.06832678413,0.02415492241,0.04620556305,0.03235045976,0.06516543725,0.05513152582,0.009195153258,0.03844499815,0.06934281409
s.pneumoniae_cgsp14,BACTERIA,0.07295855006,0.04104487571,0.04402790229,0.05481075836,0.006215685382,0.0407183128,0.07223634363,0.06404715066,0.0194053729,0.07242788533,0.1018468075,0.06951550938,0.02511394377,0.04665767572,0.03227948761,0.06577887609,0.05489082908,0.009357283373,0.03849517299,0.06817157741
s.pneumoniae_d39,BACTERIA,0.07412694116,0.0402839353,0.04387180019,0.05556356375,0.005823908083,0.04058805123,0.0731917407,0.06652404274,0.019125904,0.07269425625,0.1021003336,0.06811493825,0.02444705394,0.04637328561,0.03308886865,0.06187265101,0.05449476323,0.00922367815,0.03817270269,0.07031758142
s.pneumoniae_g54,BACTERIA,0.0730438624,0.04095723694,0.04380675859,0.05511042318,0.005812012504,0.04122195582,0.07282129621,0.06568231712,0.0194155277,0.07219406423,0.1028727899,0.06860434139,0.02467112473,0.04662593031,0.03301061236,0.06217352744,0.05471250181,0.009238182916,0.0383791786,0.06964635582
s.pneumoniae_hungary19a_6,BACTERIA,0.07488682327,0.04044419339,0.04378810661,0.05535746368,0.005865605765,0.04098964293,0.0724913772,0.06516260709,0.01919432085,0.0715412915,0.1010214635,0.06867970458,0.02431701463,0.04607511018,0.03261043735,0.06488259886,0.05590615031,0.00951866101,0.03813614874,0.06913127854
s.pneumoniae_jja,BACTERIA,0.07305718963,0.04086683966,0.04388320966,0.05572950125,0.005963611349,0.04094777077,0.07300492162,0.06566042317,0.01937794324,0.07233892601,0.1019782599,0.06929052077,0.02473288518,0.04641567905,0.03262366864,0.06184485843,0.05493873683,0.009367776266,0.03809832119,0.0698789574
s.pneumoniae_p1031,BACTERIA,0.07357755928,0.04100668327,0.04367827895,0.05567222037,0.005911397496,0.04096389666,0.07314455883,0.06583831797,0.01937719816,0.071843846,0.1021846841,0.06877861354,0.02458860678,0.04630195364,0.03301756818,0.06199094635,0.05469497429,0.00915975663,0.03830256976,0.06996636973
s.pneumoniae_r6,BACTERIA,0.07316584348,0.04104984612,0.04416310558,0.05498223421,0.006060070791,0.04069656845,0.07252382926,0.06584891945,0.01928080819,0.07282275652,0.1024012691,0.06876346022,0.02508611143,0.04659528646,0.03306712955,0.06211742406,0.05432323548,0.009288824876,0.03825249842,0.06951077837
s.pneumoniae_taiwan19f-14,BACTERIA,0.07354250991,0.04080422021,0.04353986196,0.05556740064,0.005987117896,0.04110512361,0.0730369922,0.06607666675,0.01941944558,0.07166487271,0.1024894168,0.06860597474,0.02443679481,0.04633912329,0.03310797102,0.06161126032,0.05526821669,0.009087282619,0.03836776241,0.06994198582
s.pombe,EUKARYA,0.06228361984,0.04864992325,0.05208364202,0.0534683904,0.0146717287,0.03816038019,0.06518858571,0.04926376768,0.02261995579,0.06160331087,0.09874174591,0.06423945521,0.02063363986,0.04611030065,0.04714536937,0.09424586459,0.05505634245,0.01119398246,0.03422457901,0.06041541605
s.pomeroyi,BACTERIA,0.125198322,0.07002986839,0.02510283633,0.05899661433,0.009508539855,0.03279118038,0.05749518933,0.08945450893,0.02136564903,0.04984832915,0.1031987703,0.02845647978,0.02815299252,0.03661424658,0.05211320293,0.05006593752,0.05275438346,0.01426972376,0.02244495745,0.07213826792
s.proteamaculans,BACTERIA,0.1011668042,0.0568409385,0.03619612666,0.05059188496,0.01039812346,0.05051522488,0.05346349629,0.07671160916,0.02204668599,0.05520028704,0.1131597087,0.03925875983,0.02657528617,0.03789081719,0.04609972974,0.05939145718,0.05156081815,0.01430841608,0.02851692271,0.07010690311
s.putrefaciens,BACTERIA,0.09312380239,0.04592040282,0.04110198691,0.05347935418,0.01056998906,0.04795748128,0.05762831479,0.06823910586,0.02278414827,0.06327259374,0.1092262426,0.05036328907,0.02626516475,0.0399429074,0.04031692589,0.06432437905,0.05471248179,0.0123101195,0.03014966784,0.06831164278
s.pyogenes,BACTERIA,0.07815323875,0.03970974923,0.04369080769,0.05779806551,0.006335176811,0.04302180371,0.06386564073,0.06457730583,0.0205471483,0.07409461461,0.1017390225,0.07042575801,0.02562382197,0.04408057523,0.03351612978,0.06185475051,0.05873467108,0.008450780699,0.03675061859,0.06703032042
s.pyogenes_m18,BACTERIA,0.07793024553,0.04011189678,0.04415966379,0.05758130525,0.006275998365,0.04289625288,0.06393381742,0.06419881646,0.02052249599,0.07421652661,0.1010075562,0.07131833289,0.02579075153,0.0439823757,0.03321818938,0.06200790891,0.05865996331,0.008442645437,0.03684419736,0.06690106018
s.pyogenes_m3,BACTERIA,0.07827540896,0.03987590799,0.04447860686,0.05805232386,0.006204600484,0.04241717357,0.06426061537,0.0646260261,0.02014003721,0.07393108132,0.1008201441,0.07121449241,0.02555660544,0.04388435304,0.0331656381,0.06189651863,0.0587960639,0.00850594992,0.03688433827,0.06701411445
s.pyogenes_manfredo,BACTERIA,0.07868093158,0.03977591146,0.04361095761,0.05745539611,0.006221210305,0.04275959299,0.06405347195,0.06483258774,0.02038588687,0.07419955128,0.1017087825,0.07044846998,0.02581626536,0.04381403541,0.03349612102,0.06156186355,0.05861723545,0.00842577604,0.0367805139,0.06735543887
s.pyogenes_mgas10270,BACTERIA,0.07648732803,0.04001221911,0.04462118086,0.05744588489,0.006465051386,0.04258287646,0.06380553754,0.06372693509,0.02042234525,0.07366835841,0.1013614301,0.07144962566,0.02624964495,0.0444121698,0.03347213811,0.06214059477,0.05892325364,0.008580171818,0.03736831857,0.06680493552
s.pyogenes_mgas10394,BACTERIA,0.07779046013,0.04034198722,0.04419879461,0.05693607369,0.006403172688,0.0425521087,0.06383543319,0.06468603916,0.02041999578,0.07376098699,0.1011893943,0.07102741568,0.02626700303,0.04391344176,0.03346443813,0.06227780645,0.05894081382,0.008466073908,0.0367232768,0.06680528394
s.pyogenes_mgas10750,BACTERIA,0.07582145391,0.04015562237,0.04490324278,0.05729328736,0.00666267179,0.04223781844,0.06427602345,0.06369812958,0.02045566487,0.07446829319,0.1013003501,0.07213360195,0.02625594119,0.04451205309,0.03329202133,0.0622098306,0.05852909118,0.00849237269,0.03727859997,0.06602393014
s.pyogenes_mgas2096,BACTERIA,0.07671435482,0.04057477847,0.04397763309,0.05704600341,0.00685760462,0.04274141085,0.0641760588,0.06379611044,0.02073406024,0.07372295648,0.1017019833,0.07080013419,0.02632393471,0.04411107837,0.03352997978,0.06219291368,0.0583823096,0.008442267309,0.03728498166,0.06688944615
s.pyogenes_mgas5005,BACTERIA,0.07773636657,0.03983157624,0.04376637532,0.05742955425,0.006486845908,0.0427500902,0.06343659269,0.06410530074,0.02072806061,0.07418692468,0.1019137518,0.07036168794,0.0259039365,0.04434063308,0.0334958508,0.06223140699,0.05858940381,0.008547751233,0.03706984977,0.06708804089
s.pyogenes_mgas6180,BACTERIA,0.07657324167,0.03982202447,0.04405988439,0.05751016612,0.006438848265,0.04275424424,0.06395448495,0.06367913346,0.02044712704,0.07390178523,0.1015426977,0.07174273783,0.02608545014,0.04439905906,0.03351994019,0.06209814183,0.05893615857,0.008415543682,0.03721621474,0.0669031164
s.pyogenes_mgas9429,BACTERIA,0.07685322212,0.04010643228,0.04394815911,0.05714568665,0.006508139378,0.04273547394,0.06389113114,0.06386870861,0.02067917844,0.07402985186,0.1017683902,0.07129056609,0.02628107389,0.04436110737,0.03338341032,0.06231968549,0.05858633422,0.008395369,0.03707004798,0.0667780319
s.pyogenes_nz131,BACTERIA,0.07804873285,0.03991796474,0.04360173837,0.057239123,0.00635187265,0.04284974852,0.0639601543,0.06452268177,0.02062991357,0.07410518092,0.1020772499,0.07020459983,0.02576297671,0.04404511939,0.03375555447,0.06223936716,0.05858293862,0.008201572342,0.03692758435,0.06697592656
s.pyogenes_ssi1,BACTERIA,0.07825771284,0.03982402728,0.04444041085,0.05783858937,0.006249988305,0.04240074401,0.06405676636,0.06455639117,0.02024135434,0.07390143357,0.1011150802,0.07109642385,0.02598236156,0.04391645974,0.03313990805,0.06195721939,0.05878544389,0.008465553021,0.03670651814,0.06706761402
s.ruber,BACTERIA,0.1068981396,0.07730983819,0.02451692468,0.07001405202,0.006917310471,0.03546801534,0.07037474035,0.08365400008,0.02229251527,0.03711532342,0.09673957512,0.02116697004,0.01912438708,0.03395015979,0.0565025683,0.05843447429,0.06216092826,0.01252922564,0.02618202013,0.07864883186
s.sanguinis,BACTERIA,0.07976763895,0.04064188887,0.04225030202,0.05663800483,0.00525537995,0.04356343721,0.07124006808,0.06682793386,0.0181084891,0.06873020537,0.1023762778,0.06638927573,0.02387492707,0.04562754376,0.03465541203,0.06406254214,0.05472579608,0.009271444207,0.03770046606,0.06829296685
s.saprophyticus,BACTERIA,0.06491842583,0.03390808532,0.05436554897,0.05737367076,0.006203465278,0.04068439312,0.06764711224,0.06285339842,0.02318475289,0.08797044691,0.09332722301,0.07097937907,0.02723796297,0.04556054037,0.03214065659,0.06155122959,0.05664574161,0.007764111836,0.03852435768,0.06715949752
s.sediminis,BACTERIA,0.08580343828,0.04418469315,0.0415767557,0.05632816841,0.01102091402,0.04334884099,0.06313898568,0.07095098849,0.02217501327,0.0641106474,0.1057234878,0.05253862208,0.0266901895,0.0406037818,0.03858632076,0.07017221572,0.05368152196,0.01196698843,0.03017990504,0.06721852154
s.solfataricus,ARCHAEA,0.05603858527,0.04717629871,0.04959739592,0.04684436449,0.00618539775,0.02096301372,0.06814288162,0.06431433575,0.01290974245,0.09437877144,0.1035289723,0.07740610664,0.02204566653,0.04444706185,0.03809034321,0.06704238288,0.04727623589,0.01058501323,0.04827679744,0.07475063294
s.sonnei,BACTERIA,0.09315578074,0.05961029599,0.03860181785,0.05086071871,0.01174051177,0.04477799004,0.05860318242,0.0722199809,0.02374652182,0.05733057057,0.1064358859,0.04570130109,0.02837568451,0.03770446334,0.0440971872,0.05899253045,0.05336960327,0.01565253247,0.02913584019,0.06988760079
s.suis_05zyh33,BACTERIA,0.0762830812,0.04171600492,0.0436109214,0.05568958091,0.006007392959,0.04240551213,0.07147290859,0.06596503986,0.01876409518,0.07186597683,0.1015802981,0.06377204662,0.02542005074,0.04531913047,0.03374163297,0.0612957167,0.05788093635,0.009189607931,0.03795401429,0.07006605184
s.suis_98hah33,BACTERIA,0.0762929079,0.04172091827,0.04367479499,0.05568630534,0.005963172781,0.04244318117,0.07139757051,0.06597814213,0.01876081961,0.07209362886,0.1015344401,0.0637851489,0.02543806637,0.04529947706,0.0336548304,0.06123839425,0.05777775594,0.009168316734,0.0379949589,0.07009716974
s.suis_bm407,BACTERIA,0.07657873992,0.04151127127,0.04337104777,0.05584628939,0.005728376579,0.04276326685,0.07177776747,0.06618022112,0.01865738379,0.07224643777,0.102113819,0.06375075352,0.02460105062,0.04533846939,0.03346272829,0.06094204387,0.05780211846,0.009050470658,0.03801197676,0.07026576753
s.suis_p1-7,BACTERIA,0.07844082206,0.0410695561,0.042896635,0.05574091139,0.005627756065,0.04246766865,0.07176977747,0.06689403649,0.01871740827,0.07230466143,0.1020904607,0.0627385353,0.02466821306,0.04515268025,0.03375594463,0.06036421538,0.05774098906,0.009075374507,0.03761840707,0.07086594713
s.suis_sc84,BACTERIA,0.07721061889,0.04123870164,0.04315682016,0.05577949594,0.005686637333,0.04260660964,0.07172036439,0.06641125612,0.01859711554,0.07252790414,0.1022104919,0.06322849989,0.02459864259,0.04527640037,0.03352221073,0.06088883547,0.05789907615,0.009057311621,0.0378663344,0.07051667307
s.termitidis,BACTERIA,0.05775044653,0.03259079226,0.06574702266,0.05494199964,0.007361629711,0.02203881061,0.0770721863,0.07304539203,0.01269814741,0.09260064838,0.08794203166,0.08919864763,0.02470277401,0.04592935303,0.02662245211,0.06357977012,0.05413367301,0.007259319772,0.04417993116,0.06060497195
s.thermophilum,BACTERIA,0.1208568059,0.08367218012,0.02073906814,0.04862657004,0.008745681578,0.0342271536,0.06606085408,0.08984252936,0.01973486267,0.04383772891,0.1097002572,0.02505482981,0.02253560915,0.03108296498,0.05796142419,0.04305603525,0.04962303597,0.01456291425,0.02516705316,0.0849124416
s.thermophilus,BACTERIA,0.1209504284,0.08448647769,0.02058617041,0.05643963289,0.006628884231,0.03202392096,0.06488599133,0.0853551515,0.02051113123,0.04991376854,0.1047852099,0.0169817464,0.01972767139,0.03112345089,0.05972736615,0.04496754238,0.05631880711,0.01428542358,0.02453780957,0.08576341548
s.thermophilus_cnrz,BACTERIA,0.07368038485,0.04142811784,0.04626865374,0.05798059392,0.005827014743,0.0376419561,0.06799914532,0.06557488353,0.01918042379,0.07410173512,0.0994985732,0.06953477737,0.02559653015,0.04634853057,0.03279742637,0.06274924067,0.05697015203,0.008423011716,0.03786161739,0.07053723159
s.thermophilus_lmd9,BACTERIA,0.07423802918,0.04144490688,0.04598310001,0.05878841384,0.005610207256,0.03770336739,0.06876445117,0.06544961534,0.01882751083,0.07362424854,0.09907932905,0.07010551982,0.02495480725,0.0458948165,0.03273847059,0.062408038,0.05721402447,0.008138899399,0.03755202421,0.07148022029
s.thermophilus_lmg,BACTERIA,0.07379587179,0.04155544117,0.04620795876,0.05825023841,0.005857543582,0.03770294912,0.06806601308,0.06539261104,0.0191826572,0.07409513321,0.09935678745,0.06964411832,0.02570256607,0.04606630835,0.03258757387,0.06275911052,0.05685568018,0.008401265676,0.03774085557,0.07077931665
s.tokodaii,ARCHAEA,0.05560581936,0.04149990715,0.04878003811,0.04632391578,0.006542635781,0.02085794394,0.07035308899,0.06282273645,0.01307210201,0.09925499818,0.1030583662,0.08007880663,0.02138472621,0.04541521637,0.03924132818,0.06684076821,0.04768433099,0.01017084866,0.04890383195,0.0721085909
s.tropica,BACTERIA,0.1357896322,0.08435980556,0.01837554645,0.05953045678,0.007901353437,0.02910228813,0.05230256646,0.09322597384,0.02210984683,0.03293063659,0.1052470275,0.01548110193,0.01628938921,0.02623809684,0.06226245463,0.04967185115,0.06304509243,0.01559027661,0.02016245982,0.09038414363
s.typhi,BACTERIA,0.09628224952,0.05704469925,0.03824740165,0.05244047287,0.01166865096,0.04331388558,0.056659367,0.07307692036,0.02280164775,0.05894665971,0.106260661,0.04416853275,0.0279281193,0.0386327339,0.04444094713,0.05880410089,0.05499171112,0.01519662884,0.02891615071,0.07017845964
s.typhi_ty2,BACTERIA,0.09741436602,0.05710710192,0.03769922323,0.05212118625,0.01160433383,0.04370488135,0.05610107797,0.07358226837,0.02300822501,0.05908561569,0.1073419933,0.04311574763,0.02796136868,0.03859016413,0.04472386167,0.05782046436,0.0546278626,0.01530375826,0.02863357559,0.07045292418
s.typhimurium,BACTERIA,0.09776841091,0.05648038511,0.03809641879,0.05218992421,0.01152669546,0.04384286108,0.05602675568,0.07375070527,0.02292378251,0.0592606263,0.1065479717,0.04309268199,0.02783974484,0.03864866331,0.04467122785,0.05816811196,0.05490747439,0.01527195577,0.0287568652,0.07022873771
s.uberis,BACTERIA,0.07343818465,0.03733440236,0.04607366939,0.05690499054,0.005521009108,0.04025432815,0.06757409358,0.06469891761,0.02036303292,0.07920718235,0.1011271361,0.07108508992,0.02701956872,0.04735649758,0.03343184509,0.06386545221,0.05451460429,0.008157519368,0.03648229119,0.06559018487
s.usitatus,BACTERIA,0.1138233327,0.06857232464,0.03345505744,0.0498008985,0.009019372985,0.03569780613,0.05227219269,0.08546800947,0.02001858392,0.04786543508,0.09808305377,0.03464282676,0.02226934004,0.03989303403,0.05588621437,0.05977215515,0.05790275306,0.01474201884,0.02763732332,0.07317826716
s.viridis,BACTERIA,0.1212473888,0.08060413112,0.01956248639,0.06225530817,0.007658939676,0.02697788962,0.06430808726,0.08841337216,0.0224190161,0.0354116449,0.1031790748,0.02168438803,0.01746710852,0.02850581956,0.05785477352,0.05337627505,0.06124017113,0.01448599746,0.02075766356,0.09259046414
s.wittichii,BACTERIA,0.1357271123,0.0794343301,0.02339290472,0.06182932036,0.008114199598,0.0290063547,0.05263668294,0.09156578025,0.02075560871,0.05059183107,0.09809548438,0.02665608479,0.02372396005,0.03560182404,0.05524889899,0.05076237473,0.04964603832,0.01390989722,0.02283501518,0.07046629756
s.wolfei,BACTERIA,0.07766542013,0.05273341033,0.04276976667,0.05128881198,0.01200242128,0.03820448927,0.07481954899,0.07125942486,0.0169823863,0.07663550939,0.1049011125,0.06118684834,0.02655238619,0.03923440001,0.03921830765,0.06096650686,0.0440101159,0.009753205164,0.03489936708,0.06491656114
s.woodyi,BACTERIA,0.08363120811,0.04167984104,0.04364125933,0.0566530725,0.0102727348,0.04433138799,0.06269333576,0.06968572648,0.02154285139,0.06421769242,0.1058052384,0.05300652556,0.02543591539,0.04131780633,0.03811487099,0.07256711784,0.05543596898,0.01217163065,0.03094265382,0.06685316218
shewanella_ana3,BACTERIA,0.09619091572,0.04612035235,0.03992281504,0.05355325026,0.01045876223,0.0493582412,0.05849536155,0.06842707226,0.02258429146,0.05921437219,0.1096494572,0.04978095257,0.0255706938,0.0397943964,0.04109530402,0.06539184408,0.05403548903,0.01254355867,0.02997304546,0.06783982449
shewanella_mr-4,BACTERIA,0.09654133881,0.04545647693,0.03997346086,0.05349351245,0.01039350238,0.04940231025,0.05821986484,0.06946619801,0.02250608499,0.05914277088,0.1096893952,0.04948729513,0.02590100752,0.03994885997,0.04112299326,0.06484570398,0.05354793259,0.01259341814,0.03022405445,0.0680438194
shewanella_mr-7,BACTERIA,0.0962110925,0.04571896565,0.04018107218,0.05374682156,0.01041003728,0.04952722975,0.05814384885,0.06945426124,0.0224793163,0.05912780927,0.1091807466,0.04973472662,0.02580806466,0.03981153712,0.04102205772,0.06494945288,0.05361044552,0.01263897891,0.03038619347,0.06785734187
shewanella_w3-18-1,BACTERIA,0.09401033626,0.04644271441,0.04085415024,0.05353390311,0.01064577631,0.0480607525,0.0579001328,0.0683615472,0.02276419961,0.0628846494,0.108757041,0.0505413945,0.02627981642,0.03960858317,0.04026209369,0.06428535027,0.05463033188,0.01234100659,0.02992508611,0.06791113456
silicibacter_tm1040,BACTERIA,0.1204316029,0.06514140086,0.02657954142,0.05950160182,0.00921899689,0.03476290787,0.06294468356,0.08368025177,0.02090776329,0.05089594743,0.1010457162,0.0331639535,0.02788576414,0.03707524187,0.0489698224,0.05535580015,0.05467931945,0.01365425031,0.02270269207,0.07140274217
sulfurihydrogenibium_yo3aop1,BACTERIA,0.05634768303,0.03554100783,0.05209571033,0.05290116686,0.007365262164,0.02590409164,0.08083508515,0.05929150291,0.01428685678,0.09545707278,0.09856845809,0.1000232307,0.01952327636,0.05091513573,0.03571999817,0.05477294885,0.04407541968,0.007549964964,0.04379931755,0.06502681047
sulfurovum_nbc37-1,BACTERIA,0.07365202927,0.0398702082,0.04261480205,0.05626091748,0.008670155049,0.03008111336,0.07187787795,0.06408698291,0.02197368472,0.07650473954,0.09685016498,0.08082809359,0.02894002926,0.04712833679,0.03447741344,0.05930641365,0.05257453845,0.009499915982,0.03980898565,0.06499359768
synechococcus_cc9311,BACTERIA,0.09600903465,0.06674982006,0.03108045953,0.0527683851,0.01303634935,0.04685530381,0.05785700179,0.07964168928,0.02089792413,0.04857978683,0.1227762984,0.03205205526,0.0217873385,0.03349685656,0.05239591797,0.07038965893,0.04886211956,0.0170168432,0.01888315534,0.06886400178
synechococcus_cc9605,BACTERIA,0.1034507093,0.07072860914,0.02769644607,0.05495287066,0.0129515755,0.04750709846,0.0586847509,0.08095426544,0.0210656822,0.04353998661,0.1214791363,0.03020788939,0.02151954083,0.03180884803,0.05521300914,0.06410614757,0.04786824816,0.01757733585,0.01871336614,0.06997448429
synechococcus_cc9902,BACTERIA,0.09753211731,0.06914756245,0.03022540676,0.05530813999,0.01268476087,0.04738016445,0.05708893147,0.0807016859,0.02181544634,0.04687265389,0.1217394699,0.03111430099,0.02137400225,0.03243863327,0.05324356302,0.06607547192,0.04929308885,0.01737998426,0.01881993285,0.06976468327
synechococcus_pcc6301,BACTERIA,0.1054126777,0.06819248752,0.02750675869,0.05134951178,0.01089405553,0.06124359912,0.05688241468,0.07231703826,0.01732896536,0.05423873286,0.1229019433,0.02566076143,0.0157883019,0.03468083076,0.05501097293,0.06021436977,0.05195254604,0.01749308228,0.02455519863,0.06637575141
synechococcus_pcc7002,BACTERIA,0.08972444891,0.05260373923,0.03738417759,0.05178002348,0.01020963364,0.05757631736,0.06141426744,0.07019955927,0.01970053491,0.0628012594,0.1127854614,0.04169253397,0.01938356586,0.04063664344,0.05121876618,0.05475085122,0.05800129816,0.01492581006,0.02936405309,0.06384705537
synechococcus_pcc7942,BACTERIA,0.1054716058,0.06790417712,0.02752227865,0.05132239325,0.01084169812,0.0613947124,0.05698220672,0.0719708945,0.01724619139,0.05438879448,0.1230993993,0.02584273548,0.01566050505,0.03472578988,0.05493588097,0.06023261673,0.05210535675,0.01751417732,0.02455220415,0.06628638187
synechococcus_rcc307,BACTERIA,0.1099393842,0.06887856536,0.0260055667,0.04943517774,0.01245927244,0.05452272591,0.05824434534,0.08475337477,0.02025007223,0.03990657334,0.1284416398,0.02647327214,0.02023576931,0.0309457948,0.05707150601,0.06372522377,0.04328206214,0.01821762749,0.01825910595,0.06895294054
synechococcus_wh7803,BACTERIA,0.1062688605,0.07275756128,0.02626476412,0.05438519833,0.0122591657,0.04738171639,0.05619171161,0.0830135864,0.02108008466,0.04223390455,0.125852393,0.02504267085,0.02049566464,0.0309592408,0.05556086571,0.06495528094,0.04867891036,0.01762954871,0.01795999181,0.07102887963
synechococcus_wh8102,BACTERIA,0.1021888698,0.07216342098,0.02747782663,0.05705740724,0.01235809388,0.04801794448,0.05738666374,0.0816418924,0.02110945721,0.04310379125,0.1227674009,0.02768498385,0.0206416386,0.03128622679,0.05492958713,0.06449174458,0.04971773115,0.01744510677,0.01854948794,0.06998072478
synechocystis,BACTERIA,0.08387997196,0.05088642082,0.04083981986,0.05047396845,0.01016796221,0.0554814392,0.06094973094,0.07286599871,0.01886551854,0.06304629052,0.1138948959,0.04304015211,0.01989269203,0.0401222055,0.05095501631,0.05867025005,0.05486935637,0.01552896357,0.02945033027,0.06611901669
t.acidaminovorans,BACTERIA,0.08860304293,0.07945240735,0.02237155,0.05387963327,0.01264624535,0.02684903302,0.06780390035,0.09574586229,0.01814262017,0.04702591123,0.1096789433,0.03581457579,0.03187298051,0.03545496692,0.04957490353,0.0626812367,0.03872141418,0.01264800814,0.02259718694,0.08843557801
t.acidophilum,ARCHAEA,0.06971681396,0.05475737131,0.04252082898,0.0576123444,0.005795793482,0.02153006306,0.06016575133,0.0726136101,0.01627576795,0.0904214222,0.08369671689,0.05678909079,0.0320056351,0.04688583409,0.03940391156,0.07534091284,0.04779053258,0.008507687736,0.04636194543,0.07180796619
t.africanus,BACTERIA,0.05102410926,0.03546579705,0.05575751955,0.05083199043,0.005732096927,0.02065111719,0.0787670609,0.06079401384,0.01316510791,0.09753342619,0.0961041284,0.09657283208,0.02127219097,0.05651771385,0.0326436378,0.06121800021,0.04408298871,0.008420104241,0.04443244622,0.06901371828
t.annulata,EUKARYA,0.03337107814,0.03829040726,0.07633400892,0.05766662093,0.01648562654,0.03079146605,0.06484520847,0.04485839776,0.02020054435,0.07117034226,0.1008511831,0.08061016266,0.02053225107,0.04960348213,0.03717040347,0.08633605247,0.06013171521,0.008131257139,0.04353798782,0.05908180421
t.auensis,BACTERIA,0.09449815063,0.05249213931,0.03685470826,0.05327601203,0.01128464342,0.04868601261,0.05869088375,0.07056318766,0.0239183679,0.06121333345,0.1108891928,0.04603861183,0.02644276997,0.0388373303,0.04369870783,0.05952063694,0.05196207345,0.01363138068,0.02913214649,0.06836971069
t.brucei,EUKARYA,0.08209454716,0.07009073015,0.0364575119,0.05065157888,0.02247623417,0.03832596081,0.06992641588,0.06607276846,0.0249452722,0.04003146095,0.09488852916,0.04640148347,0.02354882853,0.03671877614,0.04860151947,0.07985127056,0.05674690983,0.01107095805,0.02522542574,0.07587381848
t.crunogena,BACTERIA,0.08214003072,0.04240326045,0.04195654752,0.05530692212,0.007749917965,0.04927216124,0.0662486316,0.06543241537,0.02320425535,0.06489884158,0.1036056904,0.05988710847,0.02793334602,0.04175662969,0.04042752083,0.06323331927,0.05350766168,0.01242799511,0.02994217549,0.06866556919
t.cruzi,EUKARYA,0.08813662905,0.06810418384,0.03551126521,0.04857217306,0.02120993193,0.03624869356,0.06952737751,0.07003806254,0.0244309788,0.03655651916,0.09525813273,0.04277207457,0.02435717446,0.03628549322,0.04945751761,0.0810664809,0.05981195885,0.0117826577,0.02367622693,0.07719646838
t.curvata,BACTERIA,0.1347346787,0.09050713242,0.01637807001,0.05495565388,0.008509048673,0.0285915,0.06214257438,0.09207660184,0.02224286232,0.03627310298,0.1053922303,0.02147916437,0.01852063164,0.02648909945,0.06520119106,0.04531827017,0.05348626842,0.01484111194,0.02050956121,0.08235124624
t.denitrificans,BACTERIA,0.13006719,0.07428116087,0.02537953633,0.05587543698,0.008932961993,0.03418397454,0.05736743051,0.08109515678,0.02327174622,0.04358632775,0.1096810822,0.03314460826,0.02303146262,0.03560555938,0.05133240051,0.04967276726,0.04938107415,0.01350729121,0.02429770132,0.07630513112
t.denitrificans_atcc33889,BACTERIA,0.06838531206,0.03449798044,0.05255552858,0.05730828937,0.008478454396,0.02876818152,0.07185497458,0.05693012853,0.01874176912,0.0874257841,0.09764348408,0.0842106812,0.02615784169,0.0498819167,0.02780585781,0.07315867305,0.04940811207,0.006968753909,0.03859594912,0.06122232768
t.denticola,BACTERIA,0.06967488285,0.03760385591,0.05130902857,0.05299102703,0.01156748875,0.02725229746,0.07166028707,0.06296419351,0.01454847916,0.08524663543,0.09557627482,0.0863091324,0.02343953689,0.05354707865,0.03403797302,0.06775062123,0.0499858103,0.008829915116,0.03902397944,0.0566815024
t.elongatus,BACTERIA,0.09754755795,0.06627056024,0.02912557418,0.04457553292,0.01135114822,0.05781853918,0.05854816361,0.07146187034,0.02209406086,0.05546437044,0.1200367782,0.03111299364,0.01921946974,0.03526475036,0.05776430161,0.0517452229,0.05499431151,0.01700735177,0.02854704011,0.0700504022
t.erythraeum,BACTERIA,0.06588375977,0.04345502528,0.05429497569,0.05000731991,0.009442041181,0.04834641201,0.06910063521,0.06571468919,0.01616016749,0.075796737,0.1052856256,0.06421896518,0.01758010124,0.04125581221,0.04262781023,0.06598287011,0.05517725204,0.01405812141,0.03421962592,0.06139205329
t.fusca,BACTERIA,0.1258471611,0.08217863198,0.01949234874,0.05802962674,0.00812051792,0.03000913279,0.06334333961,0.08390231309,0.02334054445,0.03875856139,0.1039158424,0.01995723796,0.017459065,0.02820877893,0.06140613945,0.05231508037,0.06002602991,0.0150045664,0.02180126617,0.08688381555
t.gammatolerans,ARCHAEA,0.07342518418,0.06244297275,0.03178763641,0.04611492296,0.005659929926,0.01673950973,0.08590247143,0.07799207547,0.01618042676,0.06849551713,0.1061221157,0.06466360009,0.0232427755,0.04310121444,0.04450520371,0.05085456461,0.04738856424,0.01328921394,0.03814327915,0.08394882192
t.gondii,EUKARYA,0.1030895988,0.08201508678,0.02332939051,0.04808849065,0.01953213416,0.03996191477,0.07932820127,0.07536396049,0.02146716931,0.02407501889,0.09007137113,0.0413645504,0.01429911436,0.03423046408,0.06328642859,0.1068396018,0.0501224048,0.01012181288,0.01469395772,0.05871932859
t.kodakaraensis,ARCHAEA,0.07422322437,0.05837980642,0.03213811712,0.04731558189,0.005311955975,0.01822988077,0.08822547765,0.07585911878,0.01591706454,0.0696163953,0.1047536522,0.0686762261,0.02338827578,0.04329949247,0.04386672788,0.05046358176,0.04615133904,0.01297433495,0.03831032792,0.08289941913
t.lettingae,BACTERIA,0.0640506314,0.04502945321,0.04300856521,0.04996275343,0.00949712648,0.02860655958,0.07019407106,0.06478658765,0.01595618966,0.0864419507,0.09938251476,0.07486709408,0.02540993661,0.05186995713,0.03669609494,0.06488531348,0.04724779288,0.01012986935,0.03668412818,0.0752934102
t.maritima,BACTERIA,0.05850194539,0.0553667526,0.03610258269,0.04963998277,0.007072133367,0.02012745909,0.08933589984,0.06907339155,0.0158400744,0.0718495928,0.1003330074,0.0762087758,0.02402850051,0.05187769671,0.03992327838,0.05657364797,0.04527054286,0.01099368859,0.03575384805,0.08612719925
t.melanesiensis,BACTERIA,0.04994469673,0.03617899025,0.05537540962,0.04983305968,0.006016378013,0.01957426783,0.07864056993,0.06169921888,0.01343423032,0.09837971709,0.09635994532,0.09809461325,0.02153049237,0.05712896999,0.03238504819,0.05802378384,0.04553073969,0.008383083381,0.04360543003,0.06988135558
t.naphthophila,BACTERIA,0.05870053076,0.05480176682,0.03603818616,0.05001424857,0.006871371068,0.01993908738,0.08949346347,0.0694136715,0.01593524027,0.07247711324,0.0999269761,0.076472055,0.02413885228,0.05184162719,0.03963238699,0.05617319132,0.04549923414,0.01072026502,0.03545577601,0.08645495672
t.neapolitana,BACTERIA,0.05812251035,0.05740034822,0.03478579154,0.04961814441,0.00724965046,0.01998806289,0.0882686575,0.06966061677,0.0163195452,0.07066636769,0.1007993247,0.07344784604,0.0250448466,0.05259252908,0.03961669349,0.05726514892,0.04550775582,0.01106161131,0.03563820666,0.08694634236
t.neutrophilus,ARCHAEA,0.1099496269,0.07707457486,0.02100897625,0.0438491838,0.00868840662,0.02091807749,0.06995985305,0.08133734803,0.01571222967,0.04789039124,0.1077548006,0.04587736242,0.01885959929,0.03259099345,0.05195432337,0.04651365375,0.04223383706,0.01367458243,0.04189296671,0.102259213
t.onnurineus,ARCHAEA,0.07576311247,0.05657211879,0.0317089723,0.04746715246,0.005787359974,0.01834854128,0.08614255807,0.07592872277,0.01640802058,0.07642735378,0.1042246828,0.06786242104,0.02508096004,0.04365631542,0.04286066593,0.04756615862,0.04650949289,0.01232176641,0.0385980008,0.08076562362
t.pallidum,BACTERIA,0.1012370764,0.07440387259,0.02482690321,0.04521717849,0.01917511163,0.03842990612,0.05973368849,0.06970827535,0.02753327471,0.04902488097,0.1014704334,0.03979589804,0.02095943858,0.04452849089,0.04199856002,0.06626483738,0.05297487429,0.009783917153,0.03037055377,0.08256282851
t.pallidum_ss14,BACTERIA,0.1012022045,0.0743767669,0.02478654445,0.04529541106,0.01912675976,0.03839344356,0.05979896628,0.06956794883,0.02758216968,0.04897912562,0.101570576,0.03977555042,0.02095433907,0.04452440104,0.04203146863,0.06620691625,0.05303406722,0.009771838145,0.03032639424,0.08269510837
t.parva,EUKARYA,0.03425906558,0.04137211191,0.07257467513,0.05872214913,0.01661133419,0.03206613974,0.06368758236,0.04469100663,0.0215920473,0.06562496542,0.1017961232,0.07830410223,0.02030063422,0.04946991998,0.03951850472,0.08720331352,0.05902458532,0.007947643764,0.04291221816,0.06232187746
t.pendens,ARCHAEA,0.09292943773,0.07240751258,0.0225233918,0.04118169237,0.007588664605,0.01820985442,0.07850932088,0.07958081312,0.01426205796,0.04545295818,0.1161787977,0.05031418799,0.01804811974,0.03736622429,0.04749669639,0.06329707168,0.04117801658,0.01242048811,0.03855717964,0.1024975142
t.petrophila,BACTERIA,0.05794334235,0.05483537715,0.03644542159,0.05013336028,0.007010343043,0.02002059201,0.08992541929,0.06930553354,0.01594051661,0.07208075135,0.09993745743,0.07641517816,0.023820184,0.05188071964,0.03976070062,0.05595556864,0.04548534953,0.01097892193,0.03599595128,0.08612931156
t.pseudethanolicus,BACTERIA,0.06338609521,0.04012346132,0.04876575341,0.05228630708,0.008004457511,0.0254840578,0.07946099312,0.06743597827,0.01439893254,0.09524410003,0.09272062112,0.08962089165,0.02547086122,0.04236834581,0.03444893291,0.05312209034,0.04767190375,0.007310904039,0.04075689704,0.07191841582
t.pseudonana,EUKARYA,0.07712422792,0.05333115706,0.04544486156,0.06293487505,0.01621311433,0.03782126504,0.0655816231,0.06961815011,0.02316853797,0.04700524883,0.0845327171,0.0536197995,0.02514298968,0.03481749379,0.04744817752,0.09390397485,0.06009294974,0.0111476114,0.02674100355,0.06431022189
t.roseum,BACTERIA,0.1182248069,0.09172046022,0.01705719577,0.04758381364,0.008238164554,0.03434719922,0.06614503918,0.07969398469,0.02041792435,0.04664912542,0.1183780912,0.01574794075,0.01663768096,0.03229111562,0.06177240399,0.04667563322,0.05336712502,0.01706756839,0.02310443268,0.08488029421
t.sibiricus,ARCHAEA,0.06681292849,0.04866300231,0.03651978591,0.04533335256,0.005885926596,0.01981565242,0.08891264492,0.07173258965,0.01650583275,0.08504037223,0.1018959354,0.08261028676,0.02440180778,0.04514947369,0.04085536124,0.04924167993,0.04498722763,0.01171777117,0.03917521313,0.07474315547
t.tengcongensis,BACTERIA,0.06505838375,0.04351612779,0.0435598032,0.04940845505,0.007603375853,0.02338176166,0.08407003481,0.06848433466,0.01440004111,0.08959240562,0.0953639832,0.08863796935,0.02524182049,0.04374991971,0.03564941488,0.05252610891,0.04596580472,0.008013154007,0.04029185454,0.0754852467
t.thermophila,EUKARYA,0.03286408405,0.02733484087,0.09221585455,0.04955622827,0.01796879434,0.09730226984,0.06155837164,0.03412061129,0.014470778,0.08445315896,0.08882480718,0.08818417703,0.0178317345,0.05106108302,0.02681133457,0.08351822394,0.04418254801,0.005072210912,0.04268080825,0.03998808078
t.thermophilus,BACTERIA,0.1156294296,0.08577311589,0.01547276227,0.03563808359,0.003991286313,0.02463854613,0.08583279868,0.09329613106,0.01881350621,0.02585309082,0.1459199355,0.03576490951,0.01539666672,0.03791498187,0.0657047791,0.03421912535,0.0373972337,0.01377777115,0.02864475314,0.08032109339
t.thermophilus_hb8,BACTERIA,0.1155855382,0.08592098541,0.01553565035,0.03591926256,0.003922115006,0.02442557794,0.08616967567,0.09327682372,0.01858585132,0.02589524747,0.1451976563,0.03558667679,0.01535287799,0.0376975477,0.06575160637,0.03442562289,0.03751327721,0.01389219727,0.02881960518,0.08052620461
t.turnerae,BACTERIA,0.09757169512,0.05284050368,0.04092442408,0.05745592437,0.01103573953,0.04197560641,0.06066440887,0.07199493503,0.02187517796,0.05506346287,0.1028162173,0.04160243333,0.02226510028,0.04054924109,0.04314202351,0.06902227984,0.05396002291,0.01360440304,0.03077036456,0.07086603623
t.vaginalis,EUKARYA,0.05183099287,0.0382081886,0.06398910162,0.05786471967,0.01555674454,0.0416911688,0.07425212233,0.04045821466,0.01926828331,0.07855319406,0.08583809383,0.08439222078,0.02338036207,0.05118427912,0.04265797431,0.07412541363,0.05515357051,0.008261747581,0.04111151354,0.05222209418
t.volcanium,ARCHAEA,0.06404377558,0.04687701338,0.04714805583,0.05499051351,0.006020696979,0.02082805689,0.06386159951,0.07012001404,0.01509839729,0.09173009504,0.08716014165,0.06879146172,0.02772186602,0.04742576325,0.03780153472,0.0751898408,0.04794118823,0.008404537517,0.04738799504,0.071457453
t.whipplei,BACTERIA,0.08330159113,0.06290989866,0.0357825741,0.05262542569,0.01338829448,0.03090621783,0.05007976406,0.0736243056,0.02078014158,0.06733746422,0.1025769638,0.04752278839,0.01984484664,0.04205433008,0.04568991201,0.07919459037,0.05489577873,0.01019396056,0.02779862497,0.07949252707
t.whipplei_s,BACTERIA,0.08352512209,0.06233166455,0.03589363313,0.05299901256,0.01271376922,0.03100638186,0.05020190649,0.07337792822,0.0206593947,0.06746865743,0.1024670629,0.04751238142,0.01940684446,0.04200653939,0.04590635074,0.07940246437,0.05574232813,0.009993506718,0.02794800764,0.07943704398
t.yellowstonii,BACTERIA,0.06156313664,0.04153141081,0.04299777088,0.04683717167,0.01104167533,0.02719562235,0.07893718478,0.06369471567,0.01609797908,0.09930791643,0.09672699478,0.09172186172,0.02237598304,0.04975390097,0.03829806287,0.05762459263,0.04659091273,0.008675030942,0.03654226859,0.06248580813
thauera,BACTERIA,0.1333828012,0.07978165177,0.02279412417,0.0545693195,0.009799211865,0.03241152699,0.06069096306,0.08452864158,0.02314370009,0.04410347447,0.1113698646,0.02842503111,0.02274534613,0.03555697127,0.05197078048,0.04796432995,0.04636795786,0.01413306648,0.02114897404,0.07511226339
thermoanaerobacter_x514,BACTERIA,0.0644172212,0.03889895415,0.04892141757,0.05229375145,0.008145808993,0.02506250811,0.07877856607,0.06828623354,0.01423012016,0.09562330325,0.09327677972,0.08871495736,0.02559164,0.04252950439,0.03449234381,0.0530204259,0.04777425964,0.007197604655,0.04017733679,0.07256726325
thermotoga_rq2,BACTERIA,0.05829385171,0.0547354223,0.03632478632,0.04997729383,0.006901658567,0.0200661529,0.08919118594,0.06927414818,0.01576384229,0.07198194351,0.1002223171,0.07611649959,0.02391772911,0.05211743495,0.03981204715,0.05657394416,0.04528355599,0.01103790913,0.03625192325,0.086156354
thioalkalivibrio_hl-ebgr7,BACTERIA,0.1098197895,0.08034888554,0.02530325119,0.05698874903,0.008788765337,0.03697586123,0.06620213564,0.08283396413,0.02517496982,0.04635929523,0.1125504921,0.02685754404,0.02535496151,0.03379269333,0.05110769469,0.0500456443,0.04813335693,0.01381063283,0.02401745422,0.07553385932
u.maydis,EUKARYA,0.1049978505,0.06454357454,0.03356726044,0.05763930276,0.01124360673,0.04430043073,0.05321993858,0.06394685659,0.02673726579,0.04170798384,0.08980104983,0.04382275626,0.01910747901,0.03231680371,0.05843584369,0.1012197205,0.06035979642,0.01190359779,0.02239492975,0.05873395258
u.parvum,BACTERIA,0.04898790379,0.02755733464,0.09077838764,0.05696318697,0.006620577542,0.0384386799,0.05762305971,0.04128356174,0.0172834219,0.1032547895,0.09981995525,0.09959708432,0.01666287932,0.05159680464,0.02655660048,0.05998286953,0.0503600895,0.008691966159,0.04436879457,0.05357205286
u.urealyticum,BACTERIA,0.04898370422,0.0277028211,0.09069563694,0.05680304889,0.0066803925,0.03833450149,0.05754336779,0.04131768004,0.01731645348,0.1032503943,0.1000481864,0.09948747153,0.01687839495,0.05159891361,0.02654196601,0.05985193622,0.05016646224,0.00871736464,0.04446732083,0.05361398283
u.urealyticum_10,BACTERIA,0.05116478765,0.02646216596,0.09204448312,0.05811862932,0.006026151658,0.04010917608,0.05801512671,0.04073785857,0.01670992053,0.09698960757,0.09762212349,0.09803613391,0.01568256134,0.04967741688,0.0273285211,0.06236223612,0.05329234119,0.008460379586,0.04324492166,0.05791545754
v.cholerae,BACTERIA,0.09150535311,0.04946691914,0.03899911839,0.05021817209,0.01051325327,0.05181244061,0.0620649851,0.06680148055,0.02402379997,0.06038238432,0.1084943039,0.04931769767,0.02726979586,0.04073145966,0.04019889336,0.0632750512,0.05189905767,0.01321381894,0.02959902303,0.07021299222
v.cholerae_m66-2,BACTERIA,0.09213332906,0.0492713736,0.03890077743,0.05031925848,0.0104095671,0.05188415763,0.06195337865,0.06721791762,0.02402860639,0.06027936091,0.1083842048,0.04888945854,0.02732814472,0.0405003174,0.04026735787,0.06294237413,0.05216821237,0.01317910085,0.02949319611,0.07044990634
v.cholerae_mj-1236,BACTERIA,0.09156048534,0.04956224605,0.03912289744,0.05112732635,0.01033742112,0.05159422005,0.06294762817,0.06679128125,0.02382555273,0.06001803459,0.1077833975,0.04990008639,0.02699516913,0.04031807955,0.04024081193,0.06314326321,0.05198220214,0.01316837519,0.0297233737,0.06985814816
v.cholerae_o395,BACTERIA,0.09193585924,0.04943237864,0.03906636288,0.05066228703,0.0103908624,0.05182014018,0.06241557321,0.0670113723,0.02373764605,0.0601661246,0.1078592388,0.0494423173,0.02716648156,0.04029544304,0.04032028968,0.06295805805,0.05216964951,0.01328466706,0.02960393637,0.07026131205
v.eiseniae,BACTERIA,0.1324563226,0.07217642966,0.02539292755,0.05093080223,0.01133788628,0.04347025201,0.04570123012,0.08535454071,0.02407874012,0.04572780376,0.1077464585,0.02953177241,0.02514047794,0.03344353342,0.05446872041,0.05380075566,0.05135900025,0.01437875655,0.02172334905,0.07178024081
v.fischeri,BACTERIA,0.0797332881,0.04040014862,0.04739346063,0.05484637007,0.01014829892,0.04252285871,0.06573616361,0.06548092146,0.02163985009,0.07036202384,0.101986204,0.0588195858,0.02698781946,0.04249216504,0.03698426545,0.06820781235,0.05573164033,0.01187926077,0.03143759491,0.06721026784
v.fischeri_mj11,BACTERIA,0.07883991526,0.04009181694,0.04816255091,0.0550151331,0.01019771422,0.04248907224,0.06585369775,0.0650344505,0.02152246766,0.07013598739,0.1017482124,0.05894751994,0.02641574731,0.04294463496,0.03694958261,0.06919576717,0.05579992604,0.01191200825,0.03183349833,0.06691029702
v.harveyi,BACTERIA,0.08396920469,0.04728518808,0.04221057834,0.05457146549,0.01071531833,0.0453916251,0.06565819566,0.06645780304,0.02254197504,0.06067861172,0.1012192854,0.05729418656,0.02721214569,0.04093873907,0.038523693,0.06629266673,0.05402274941,0.01332505141,0.03184349482,0.06984802245
v.okutanii,BACTERIA,0.06191632779,0.03707171459,0.06143263347,0.05224935133,0.01067582461,0.04028828181,0.0513579718,0.0634054153,0.02134819427,0.09666976461,0.09961339004,0.07730471706,0.02617131762,0.04378470075,0.03138139643,0.06694329375,0.05387663722,0.008937980023,0.03188927546,0.06368181206
v.paradoxus,BACTERIA,0.1350905494,0.07007452718,0.02554946459,0.05074661002,0.008987058111,0.03730592641,0.05278655737,0.08596100645,0.02208418189,0.04282283554,0.105262159,0.03210337939,0.02444384427,0.03547425613,0.05411748676,0.05440703081,0.05071643905,0.01451807947,0.0217464616,0.07580214652
v.parahaemolyticus,BACTERIA,0.0856460074,0.04475302437,0.04266216865,0.05502301282,0.01044221599,0.04533203057,0.06542636033,0.06776919097,0.02241772617,0.0617948388,0.101858181,0.05383819457,0.02740294275,0.04200140463,0.0389066701,0.065865306,0.05408078745,0.01240038279,0.03040854785,0.0719710068
v.parvula,BACTERIA,0.08066914859,0.0426771776,0.04634012785,0.05766433054,0.01005245747,0.03359351459,0.06427092547,0.07500542719,0.0212259948,0.07580411559,0.08952438349,0.06150386708,0.02918047766,0.03778784374,0.03633141195,0.05687212237,0.05951767645,0.009122544398,0.03654687961,0.07630957357
v.polyspora,EUKARYA,0.04687439519,0.03904568152,0.06740829902,0.06015797372,0.01102994816,0.03632345979,0.0688070014,0.04906549709,0.01954386968,0.0703047072,0.09096590114,0.07254270546,0.01963766239,0.04253983213,0.0401395576,0.09460334617,0.0675869518,0.009498744964,0.03600523453,0.05791923108
v.splendidus,BACTERIA,0.08291987318,0.04258417394,0.04341015856,0.05600905565,0.009975676613,0.0447631733,0.06506400854,0.06735108066,0.02180894141,0.06371099381,0.1022389306,0.05427568096,0.02701538142,0.04189082406,0.03798616949,0.07024588657,0.05502026013,0.01224309913,0.03013756118,0.07134907078
v.vulnificus,BACTERIA,0.08940409033,0.04656942941,0.04059476828,0.05332438668,0.01009473542,0.04947547912,0.06473621771,0.06765679421,0.02353478301,0.06082643599,0.1045486146,0.05106789199,0.02675073758,0.04086385977,0.03861635786,0.06478533209,0.05281249027,0.01277043176,0.03061970594,0.07094745798
v.vulnificus_yj016,BACTERIA,0.0881160664,0.04693759703,0.0411662651,0.0526556156,0.01071020463,0.04895515447,0.06371653222,0.06684210831,0.0236351619,0.0606185763,0.1047170763,0.05177755096,0.02747822021,0.04183236095,0.03849417375,0.06555873366,0.05267681248,0.01293716153,0.03077208667,0.07040254157
vibrio_ex25,BACTERIA,0.08596348876,0.04437697707,0.04224573665,0.05537697223,0.01003848131,0.04542288278,0.06613831826,0.06849229786,0.02229882052,0.06146148722,0.1020325296,0.05323051361,0.02724127841,0.0415394736,0.03904092106,0.0658194277,0.05396444612,0.01252804127,0.03062110336,0.07216680259
w.brevipalpis,BACTERIA,0.03634277159,0.03115657583,0.08491472082,0.03991351415,0.01267244224,0.02279857564,0.05111825807,0.0516354001,0.01623825964,0.1325656647,0.09452863736,0.1166081393,0.02022271583,0.05572328469,0.02822610434,0.07671432582,0.03702736913,0.008446653106,0.04111032856,0.04203625904
w.pipientis,BACTERIA,0.05972592953,0.04025968227,0.05841610685,0.05162388243,0.01373081159,0.03189715907,0.07119928158,0.05763219782,0.01964485944,0.08728430098,0.0975718666,0.08641356659,0.02097452792,0.04508221122,0.03067168104,0.07523790151,0.04672197029,0.008231044782,0.03446222848,0.06321879
w.succinogenes,BACTERIA,0.07878818208,0.05002130599,0.03440803471,0.04339142817,0.00944742425,0.03183008588,0.08260202991,0.07098609576,0.02076461962,0.07121356183,0.1153162006,0.06765295956,0.02473466083,0.04801960454,0.03724226198,0.06951666492,0.04241635693,0.009805304206,0.03319488232,0.05864833593
wolbachia_bma,BACTERIA,0.06021377573,0.03997905463,0.05801118749,0.05103770997,0.01375994282,0.03016299153,0.06513427477,0.06071663079,0.01939524407,0.091727411,0.09632791136,0.08288381139,0.02269497062,0.04561435589,0.03100662439,0.07571501002,0.04581383558,0.007567760757,0.035120893,0.06711660419
wolbachia_mel,BACTERIA,0.06092648987,0.04028422694,0.05677140211,0.05171663722,0.01339749452,0.03202732177,0.06903246236,0.05890517581,0.01936377438,0.0873663432,0.09686030441,0.08385641863,0.02223149521,0.04469086917,0.03185567285,0.07520590472,0.047309995,0.008475905522,0.03456062314,0.06516148317
wolbachia_wri,BACTERIA,0.06203362956,0.04248959455,0.05688848892,0.05104697318,0.01386054285,0.03183505552,0.07012497255,0.0584231925,0.01964849128,0.08714330864,0.09733984712,0.08456939914,0.02141353432,0.04407786545,0.03161275116,0.07357470766,0.04617502585,0.008838607036,0.03462323429,0.06428077844
x.albilineans,BACTERIA,0.12720421,0.0730627823,0.02722030597,0.05688228238,0.009360191405,0.04468848014,0.04840509359,0.08057330604,0.02552977883,0.04274787502,0.1114511161,0.02726122782,0.02186409035,0.0320063438,0.05277372854,0.05539090826,0.05141694183,0.01493374752,0.02509964471,0.07212794535
x.autotrophicus,BACTERIA,0.1377509878,0.07455349398,0.02200030301,0.0556040202,0.008071196604,0.02885031266,0.05547695323,0.08746911906,0.02003504116,0.0458253611,0.1031069098,0.03078380776,0.02267168093,0.03668936767,0.05677450255,0.05055982778,0.05220497858,0.01249777022,0.02069175751,0.07838260844
x.axonopodis,BACTERIA,0.130763539,0.0751870991,0.02675113371,0.05720123047,0.009043895156,0.04530816088,0.04765169786,0.0831872897,0.02304025774,0.04031201273,0.107743798,0.02667502336,0.021106393,0.03216224874,0.05306479837,0.05625878578,0.05202638845,0.01587926648,0.02411970107,0.07251728036
x.campestris,BACTERIA,0.13139816,0.07398838924,0.02610150999,0.05711359923,0.008698640615,0.0453240179,0.04821867515,0.08292871697,0.02289810793,0.04020947148,0.1082283287,0.02679863063,0.02116299002,0.03256000441,0.05342821997,0.05475330801,0.052856134,0.0159813859,0.02403459618,0.07331711375
x.campestris_b,BACTERIA,0.1311323785,0.07396071253,0.02609263198,0.05708827207,0.008710868633,0.04535110197,0.04838980913,0.08262402598,0.0229767338,0.04027854931,0.108421678,0.02687281263,0.02120340798,0.03255737981,0.05353197156,0.05492761274,0.05274903408,0.01596131076,0.02401398812,0.07315572047
x.campestris_b100,BACTERIA,0.1308450233,0.07461067065,0.02617781531,0.05668369608,0.009252544585,0.04503736396,0.04828307419,0.08217970215,0.0233346843,0.04009458578,0.1076377546,0.02694705338,0.02133940952,0.0324781123,0.05424517752,0.05548951329,0.05290460228,0.01586189228,0.02387077885,0.07272654569
x.campestris_vesicatoria,BACTERIA,0.1307584681,0.0752553454,0.02685355957,0.05694679403,0.009118024905,0.04539233519,0.04839796996,0.08222948651,0.02326218853,0.04053854666,0.1071057887,0.02715946527,0.02149798395,0.03230453198,0.05310929928,0.05626884087,0.05216041924,0.01555349216,0.02383138936,0.07225607042
x.fastidiosa,BACTERIA,0.1025146781,0.06696333549,0.03347175234,0.05308838325,0.0118627867,0.04223961163,0.05073248378,0.07584356933,0.02738633975,0.05326157227,0.1070202367,0.03563066583,0.0240190693,0.03459285377,0.04935887012,0.05969071879,0.05819018798,0.01468272697,0.02615815198,0.07329200594
x.fastidiosa_m12,BACTERIA,0.1025175143,0.06755317062,0.03286340778,0.05319023747,0.01112601693,0.04211599865,0.05149254317,0.07620639067,0.02673633176,0.05377705602,0.1093208438,0.03493767014,0.02350098457,0.03494708434,0.04898836562,0.05841982631,0.05666564679,0.01472851797,0.02620599842,0.0747063946
x.fastidiosa_m23,BACTERIA,0.1022983809,0.06660572141,0.03354977719,0.05397770697,0.01102011781,0.04207574457,0.05133658244,0.07721431175,0.02672136063,0.05362643888,0.1086844055,0.0354692589,0.02296764218,0.03461680913,0.04822808028,0.05909681478,0.05767116603,0.01444020506,0.02636421357,0.07403526203
x.fastidiosa_t,BACTERIA,0.1024478057,0.06696394461,0.03328483974,0.05368423948,0.01100427579,0.04201827067,0.051369078,0.07700700814,0.02694297826,0.05366437341,0.1087896672,0.03517517291,0.02293003169,0.03469685902,0.04880482654,0.05902210024,0.0576650947,0.01450528896,0.02626753181,0.07375661311
x.oryzae,BACTERIA,0.1262623116,0.07802702929,0.02606950895,0.05555594008,0.01050763174,0.04568662601,0.04807378029,0.08073026618,0.02523431257,0.04015710305,0.1067467102,0.02965254754,0.02254568778,0.03150905219,0.05340181021,0.0564103629,0.05172141971,0.01633939427,0.0230963329,0.0722721725
x.oryzae_maff311018,BACTERIA,0.1263106111,0.07739559784,0.02638114702,0.05563943499,0.01020346892,0.04568627806,0.04857499412,0.08073357328,0.02521278327,0.04015771102,0.1071400409,0.03012063446,0.02198549493,0.03175996093,0.05272322801,0.05579714601,0.05183266716,0.01634334702,0.02328263189,0.07271924906
x.oryzae_pxo99a,BACTERIA,0.1263893105,0.07710357215,0.02660842385,0.05570804943,0.01005264904,0.0461051519,0.04839255999,0.08096229958,0.02533576761,0.04003772291,0.1068693922,0.03016005532,0.02243768131,0.03158450269,0.05187251231,0.05623439924,0.05202570892,0.01615451213,0.02346156873,0.0725041602
y.enterocolitica,BACTERIA,0.09365222019,0.05323380441,0.04013116501,0.05098508529,0.01043113028,0.04864318295,0.05476247134,0.07201908023,0.02254263903,0.06290021617,0.1104413727,0.04421659478,0.0269029978,0.03799565196,0.04388082713,0.06240888645,0.05333391862,0.01365557786,0.02892299446,0.0689401833
y.lipolytica,EUKARYA,0.0782519273,0.05058433602,0.04042808751,0.05986562082,0.01211229262,0.04187979682,0.06511000406,0.06375547765,0.02396797156,0.04917708948,0.08708096225,0.05894143047,0.02282210257,0.03891063683,0.054274428,0.08235679337,0.06119759825,0.01201352176,0.0300377743,0.06723214836
y.pestis,BACTERIA,0.09179794182,0.05436215292,0.04062436295,0.05129184712,0.01042939153,0.04863470208,0.05540478084,0.07197556205,0.022867787,0.06197333674,0.1087554291,0.04428523188,0.0269457071,0.03811038473,0.04369311259,0.06265571337,0.05408437817,0.01360240396,0.03002690602,0.06847886811
y.pestis_angola,BACTERIA,0.09170011259,0.05474117956,0.0404479607,0.05126804532,0.01062601739,0.04861049536,0.0558913625,0.07163088413,0.02291499019,0.06171588892,0.108368982,0.04537576268,0.02733336568,0.0381275189,0.04360657219,0.06188904373,0.05377000691,0.01358303317,0.03001684704,0.068381931
y.pestis_antiqua,BACTERIA,0.09173228462,0.05483008945,0.04079220997,0.05118788845,0.01032067252,0.04920243666,0.0553139514,0.07176011036,0.02308345074,0.06172990208,0.1086034773,0.04421306986,0.02696831807,0.03805375721,0.04369244028,0.06257776353,0.05430798916,0.01360328614,0.03005459257,0.06797230957
y.pestis_kim,BACTERIA,0.0918941212,0.05425053303,0.04101299055,0.05115274496,0.010669133,0.04842198245,0.05454830849,0.07222478277,0.02289485449,0.06215427846,0.1085118383,0.04396689229,0.02717528048,0.03821528627,0.04374375306,0.06277445164,0.05454984738,0.01362226529,0.02985910681,0.06835754907
y.pestis_mediaevails,BACTERIA,0.09136522987,0.05450199007,0.04079485663,0.05112719185,0.01068121326,0.04866810223,0.05510193708,0.07177337868,0.02290734785,0.06214033985,0.1090963982,0.04419969071,0.02720709647,0.03817326531,0.04363594075,0.06274644807,0.05412615677,0.01360701391,0.02991340431,0.06823299816
y.pestis_nepal516,BACTERIA,0.09200583948,0.05390068398,0.04115873589,0.05160991845,0.01036994974,0.04851688211,0.05504103805,0.07230107823,0.02277226727,0.06222975581,0.1084535515,0.04439721766,0.02670161483,0.03800148695,0.0434626534,0.06245643406,0.05454358373,0.0136184889,0.02999347817,0.06846534182
y.pestis_pestoides,BACTERIA,0.09231810218,0.0543392736,0.04089412889,0.05169012926,0.01042741701,0.04879577999,0.05527198348,0.07203981011,0.02278000307,0.06171714836,0.1085869833,0.0441950838,0.02673276853,0.03788804067,0.04369070658,0.06244267559,0.05421356728,0.01364767156,0.02979627816,0.06853244853
y.pseudotuberculosis,BACTERIA,0.09276078446,0.05331648568,0.04148244258,0.05187584577,0.01016133359,0.04887099642,0.05471719154,0.07249613468,0.02252808193,0.06232801984,0.109158612,0.0436418955,0.02608598028,0.03791851644,0.04364716981,0.06268742635,0.05475712559,0.01358888115,0.02935303815,0.06862403819
y.pseudotuberculosis_ip31758,BACTERIA,0.09150103918,0.05270951962,0.04238530033,0.0520517622,0.01027130473,0.04834553798,0.0544071952,0.07260907014,0.02238212546,0.06290806683,0.108711501,0.04407856637,0.02598619518,0.03793092298,0.04338847227,0.06357758304,0.0550311461,0.0135439235,0.02970711789,0.06847365002
y.pseudotuberculosis_pb1,BACTERIA,0.09224934368,0.05322855347,0.04154495465,0.05163331173,0.01033662317,0.04881560469,0.05463061551,0.07232542328,0.02258995118,0.06255777469,0.1095615651,0.04365182076,0.02620452448,0.03804206337,0.04363823781,0.06292753271,0.05441328835,0.01356257324,0.02947273261,0.06861350552
y.pseudotuberculosis_ypiii,BACTERIA,0.09264363105,0.05302013371,0.04155758635,0.05181977053,0.01028520905,0.04813502397,0.0543248763,0.07286910592,0.02234640302,0.06270592867,0.1089651933,0.04352237518,0.02621381354,0.03805320126,0.0436958292,0.06288936013,0.05477232626,0.01366756233,0.02949255491,0.06902011529
z.mobilis,BACTERIA,0.1011621688,0.05753457219,0.03760197628,0.0570133365,0.00872008625,0.03799247859,0.0565854818,0.07386266204,0.02340806642,0.06542271874,0.09970882111,0.05140708167,0.02458636468,0.03972427142,0.04755808722,0.06677589412,0.0497907417,0.01273037514,0.02655245889,0.06186235643
z.mobilis_ncimb11163,BACTERIA,0.1022183517,0.05837700895,0.03726862481,0.05767872694,0.008295463542,0.03799382472,0.05740796453,0.07377246457,0.02338057161,0.06518407094,0.1001203388,0.05038872615,0.02416910775,0.03885836434,0.04748475972,0.06605494418,0.05033647376,0.01286675639,0.02612619745,0.06201725912
z.rouxii,EUKARYA,0.05838808714,0.04874142644,0.05368007403,0.05919106673,0.01234843659,0.04488001554,0.06819469751,0.05670255705,0.0223388275,0.05627885203,0.09616528777,0.06676201713,0.02090412755,0.04327082506,0.04722109687,0.08681146419,0.05422939608,0.0110676276,0.03254450417,0.060279613
